tag_id,tag_name,memory,address,data_type,collection_group,scale,offset,decimals,word_length,format,unit,description
1,D0,D,0,uint16,fast,1,0,,,,,실린더 선택번호
2,D32,D,32,uint16,fast,1,0,,,,,HMI2>PLC 화면 번호 1
3,D33,D,33,uint16,fast,1,0,,,,,HMI2>PLC 화면 번호 2
4,D61,D,61,int16,fast,1,0,,,,,2# 검사 결과
5,D62,D,62,int16,fast,1,0,,,,,3/4#CCD검사 결과
6,D63,D,63,int16,fast,1,0,,,,,3/4# 거리 검사 결과
7,D64,D,64,int16,fast,1,0,,,,,3/4# 이탈력 검사 결과
8,D65,D,65,int16,fast,1,0,,,,,3/4#L 압력검사 결과
9,D66,D,66,int16,fast,1,0,,,,,3/4#R 압력검사 결과
10,D67,D,67,int16,fast,1,0,,,,,7#L 동작전압 검사 결과
11,D68,D,68,int16,fast,1,0,,,,,7#R 동작전압 검사 결과
12,D69,D,69,int16,fast,1,0,,,,,7#L 리셋 전압 검사 결과
13,D70,D,70,int16,fast,1,0,,,,,7#R 리셋 전압 검사 결과
14,D71,D,71,int16,fast,1,0,,,,,7# 동기화 시간 확인 결과
15,D72,D,72,int16,fast,1,0,,,,,8# 액션 리셋 전압 체크 결과
16,D100,D,100,int16,fast,0.1,0,,,,,현재 모델
17,D130,D,130,int16,fast,1,0,,,,,PLC 연도
18,D131,D,131,int16,fast,1,0,,,,,PLC 월
19,D132,D,132,int16,fast,1,0,,,,,PLC데이
20,D133,D,133,int16,fast,1,0,,,,,PLC
21,D134,D,134,int16,fast,1,0,,,,,PLC 포인트
22,D135,D,135,int16,fast,1,0,,,,,PLC 초
23,D200,D,200,uint32,fast,1,0,,8,,,총 개수
24,D202,D,202,uint32,fast,1,0,,8,,,좋은 제품 수
25,D204,D,204,uint32,fast,1,0,,8,,,잘못된 카운트
26,D206,D,206,float32,fast,1,0,2,,,,자격률
27,D208,D,208,float32,fast,1,0,2,,,,불량률
28,D210,D,210,uint32,fast,1,0,,6,,,누적 합계
29,D212,D,212,int16,fast,1,0,,2,,,실시간 효율성
30,D214,D,214,int16,fast,1,0,,2,,,분 효율성
31,D216,D,216,uint32,fast,0.1,0,,5,,,사이클 시간
32,D228,D,228,uint32,fast,1,0,,2,,,2# 제품 1ON 회 L
33,D230,D,230,uint32,fast,1,0,,2,,,2# 제품 1ON 회 R
34,D232,D,232,uint32,fast,1,0,,2,,,2# 제품 2ON 회 L
35,D234,D,234,uint32,fast,1,0,,2,,,2# 제품 2ON 회 R
36,D236,D,236,uint32,fast,1,0,,2,,,2# 제품 3ON배 L
37,D238,D,238,uint32,fast,1,0,,2,,,2# 제품 3ON 회 R
38,D240,D,240,uint32,fast,1,0,,2,,,2# 제품 4ON배 L
39,D242,D,242,uint32,fast,1,0,,2,,,2# 제품 4ON 회 R
40,D244,D,244,uint32,fast,1,0,,2,,,2# 제품 1OFF 회 L
41,D246,D,246,uint32,fast,1,0,,2,,,2# 제품 1OFF 회 R
42,D248,D,248,uint32,fast,1,0,,2,,,2# 제품 2OFF 회 L
43,D250,D,250,uint32,fast,1,0,,2,,,2# 제품 2OFF 회 R
44,D252,D,252,uint32,fast,1,0,,2,,,2# 제품 3OFF 회 L
45,D254,D,254,uint32,fast,1,0,,2,,,2# 제품 3OFF 회 R
46,D256,D,256,uint32,fast,1,0,,2,,,2# 제품 4OFF 회 L
47,D258,D,258,uint32,fast,1,0,,2,,,2# 제품 4OFF 회 R
48,D268,D,268,uint32,fast,1,0,,,,,2# 제품 감지 시간 설정
49,D270,D,270,uint32,fast,0.01,0,,,,,2# 제품 1 결과 표시
50,D272,D,272,uint32,fast,0.01,0,,,,,2# 제품 2 결과 표시
51,D274,D,274,uint32,fast,0.01,0,,,,,2# 제품 3 결과 표시
52,D276,D,276,uint32,fast,0.01,0,,,,,2# 제품 4 결과 표시
53,D280,D,280,uint16,fast,0.01,0,,,,,2#ON 지연
54,D282,D,282,uint16,fast,0.01,0,,,,,2#OFF 지연
55,D284,D,284,uint16,fast,1,0,,1,,,NG 반복 테스트
56,D360,D,360,int32,log,1,0,,,,,시간별 총 출력 로그 저장
57,D362,D,362,int32,log,1,0,,,,,시간별 OK 출력 로그가 저장되었습니다.
58,D364,D,364,int32,log,1,0,,,,,시간별 NG 생산 로그 저장
59,D366,D,366,float32,log,1,0,,,,,시간당 합격률 로그 저장
60,D368,D,368,float32,log,1,0,,,,,시간별 불량률 로그 저장
61,D390,D,390,float32,fast,1,0,2,,,,3#CCD1 간격 상한
62,D392,D,392,float32,fast,1,0,2,,,,3#CCD1 갭 하한
63,D394,D,394,float32,fast,1,0,2,,,,3#CCD2 간격 상한
64,D396,D,396,float32,fast,1,0,2,,,,3#CCD2 갭 하한
65,D400,D,400,float32,fast,1,0,2,,,,4#CCD1 간격 상한
66,D402,D,402,float32,fast,1,0,2,,,,4#CCD1 갭 하한
67,D404,D,404,float32,fast,1,0,2,,,,4#CCD2 간격 상한
68,D406,D,406,float32,fast,1,0,2,,,,4#CCD2 갭 하한
69,D410,D,410,uint32,fast,0.01,0,,,,,3#CCD1_L 상태 결과
70,D412,D,412,uint32,fast,0.01,0,,,,,3#CCD1_R 상태 결과
71,D414,D,414,uint32,fast,0.01,0,,,,,3#CCD2_L 상태 결과
72,D416,D,416,uint32,fast,0.01,0,,,,,3#CCD2_R 상태 결과
73,D420,D,420,uint32,fast,0.01,0,,,,,4#CCD1_L 상태 결과
74,D422,D,422,uint32,fast,0.01,0,,,,,4#CCD1_R 상태 결과
75,D424,D,424,uint32,fast,0.01,0,,,,,4#CCD2_L 상태 결과
76,D426,D,426,uint32,fast,0.01,0,,,,,4#CCD2_R 상태 결과
77,D500,D,500,int32,fast,0.01,0,,,,,3#1 상하 원점 위치
78,D502,D,502,int32,fast,0.01,0,,,,,3#1 시작 위치를 위아래로 검색
79,D504,D,504,int32,fast,0.01,0,,,,,3#1 상하 검색 종료 위치
80,D506,D,506,int32,fast,0.01,0,,,,,3#1 상하검출 종료위치
81,D520,D,520,int32,fast,0.01,0,,,,,3#2 상하 원점 위치
82,D522,D,522,int32,fast,0.01,0,,,,,3#2 시작 위치를 위아래로 검색
83,D524,D,524,int32,fast,0.01,0,,,,,3#2 검색 종료 위치 상하
84,D526,D,526,int32,fast,0.01,0,,,,,3#2 상하검출 종료위치
85,D540,D,540,int32,fast,0.01,0,,,,,4#1 상하 원점 위치
86,D542,D,542,int32,fast,0.01,0,,,,,4#1 시작 위치를 위아래로 검색
87,D544,D,544,int32,fast,0.01,0,,,,,4#1 검색 종료 위치 상하
88,D546,D,546,int32,fast,0.01,0,,,,,4#1 상하검출 종료위치
89,D560,D,560,int32,fast,0.01,0,,,,,4#2 상하 원점 위치
90,D562,D,562,int32,fast,0.01,0,,,,,4#2 시작 위치를 위아래로 검색
91,D564,D,564,int32,fast,0.01,0,,,,,4#2 끝위치를 상하로 검색
92,D566,D,566,int32,fast,0.01,0,,,,,4#2 상하검출 종료위치
93,D580,D,580,int32,fast,0.01,0,,,,,5#은 1개의 원점 위치를 감지합니다.
94,D582,D,582,int32,fast,0.01,0,,,,,5# 감지 1 감지 시작 위치
95,D584,D,584,int32,fast,0.01,0,,,,,5# 감지 1 감지 종료 위치
96,D600,D,600,int32,fast,0.01,0,,,,,5#은 2개의 원점 위치를 감지합니다.
97,D602,D,602,int32,fast,0.01,0,,,,,5# 감지 2 감지 시작 위치
98,D604,D,604,int32,fast,0.01,0,,,,,5# 감지 2 감지 종료 위치
99,D620,D,620,int32,fast,0.01,0,,,,,5#은 3개의 원점 위치를 감지합니다.
100,D622,D,622,int32,fast,0.01,0,,,,,5# 감지 3 감지 시작 위치
101,D624,D,624,int32,fast,0.01,0,,,,,5# 감지 3 감지 종료 위치
102,D640,D,640,int32,fast,0.01,0,,,,,5#은 4개의 원점 위치를 감지합니다.
103,D642,D,642,int32,fast,0.01,0,,,,,5# 감지 4 감지 시작 위치
104,D644,D,644,int32,fast,0.01,0,,,,,5# 감지 4 감지 종료 위치
105,D660,D,660,int32,fast,0.01,0,,,,,6#은 1개의 원점 위치를 감지합니다.
106,D662,D,662,int32,fast,0.01,0,,,,,6# 감지 1 감지 시작 위치
107,D664,D,664,int32,fast,0.01,0,,,,,6# 감지 1 감지 종료 위치
108,D680,D,680,int32,fast,0.01,0,,,,,6#은 2개의 원점 위치를 감지합니다.
109,D682,D,682,int32,fast,0.01,0,,,,,6# 감지 2 감지 시작 위치
110,D684,D,684,int32,fast,0.01,0,,,,,6# 감지 2 감지 종료 위치
111,D700,D,700,int32,fast,0.01,0,,,,,6#은 3개의 원점 위치를 감지합니다.
112,D702,D,702,int32,fast,0.01,0,,,,,6# 감지 3 감지 시작 위치
113,D704,D,704,int32,fast,0.01,0,,,,,6# 감지 3 감지 종료 위치
114,D720,D,720,int32,fast,0.01,0,,,,,6#은 4개의 원점 위치를 감지합니다.
115,D722,D,722,int32,fast,0.01,0,,,,,6# 감지 4 감지 시작 위치
116,D724,D,724,int32,fast,0.01,0,,,,,6# 감지 4 감지 종료 위치
117,D740,D,740,int32,fast,0.01,0,,,,,10#NG_픽업 위치
118,D742,D,742,int32,fast,0.01,0,,,,,10#NG_CCD 위치
119,D744,D,744,int32,fast,0.01,0,,,,,10#NG_AGING
120,D746,D,746,int32,fast,0.01,0,,,,,10#NG_탈퇴
121,D748,D,748,int32,fast,0.01,0,,,,,10#NG_접점 간격
122,D750,D,750,int32,fast,0.01,0,,,,,10#NG_M 압력
123,D752,D,752,int32,fast,0.01,0,,,,,10#NG_동기화 시간
124,D754,D,754,int32,fast,0.01,0,,,,,10#NG_작용전압
125,D756,D,756,int32,fast,0.01,0,,,,,10#NG_리셋 전압
126,D788,D,788,uint32,fast,1,0,,6,,,7# 동기화 시간 NG 수량
127,D790,D,790,uint32,fast,1,0,,6,,,7# 동작 하한 NG 수량
128,D792,D,792,uint32,fast,1,0,,6,,,7# 상한 NG 수량 재설정
129,D794,D,794,uint32,fast,1,0,,6,,,7# 하한 NG 수량 재설정
130,D796,D,796,uint32,fast,1,0,,6,,,입력 수량
131,D798,D,798,uint32,fast,1,0,,6,,,좋은 제품 수량
132,D800,D,800,uint32,fast,1,0,,6,,,노화
133,D802,D,802,uint32,fast,1,0,,6,,,간격(CCD)
134,D804,D,804,uint32,fast,1,0,,6,,,간격
135,D806,D,806,uint32,fast,1,0,,6,,,강제로 떠나다
136,D808,D,808,uint32,fast,1,0,,6,,,압력 L
137,D810,D,810,uint32,fast,1,0,,6,,,압력R
138,D812,D,812,uint32,fast,1,0,,6,,,7# 액션 상한 NG수량
139,D816,D,816,uint32,fast,1,0,,6,,,총 NG 표시 횟수 날짜
140,D820,D,820,float32,fast,1,0,1,,,,좋은 제품 합격률
141,D822,D,822,float32,fast,1,0,1,,,,AGING 불량률
142,D824,D,824,float32,fast,1,0,1,,,,간격(CCD) 불량률
143,D826,D,826,float32,fast,1,0,1,,,,간격 불량률
144,D828,D,828,float32,fast,1,0,1,,,,이탈력 불량률
145,D830,D,830,float32,fast,1,0,1,,,,압력 L 불량률
146,D832,D,832,float32,fast,1,0,1,,,,압력 R 불량률
147,D834,D,834,float32,fast,1,0,1,,,,7# 동작 상한 불량률
148,D840,D,840,uint32,fast,1,0,,6,,,노화 알람 설정
149,D842,D,842,uint32,fast,1,0,,6,,,간격(CCD) 알람 설정
150,D844,D,844,uint32,fast,1,0,,6,,,간격알람 설정
151,D846,D,846,uint32,fast,1,0,,6,,,출발력 알람 설정
152,D848,D,848,uint32,fast,1,0,,6,,,압력 L 경보 설정
153,D850,D,850,uint32,fast,1,0,,6,,,압력 R 경보 설정
154,D852,D,852,uint32,fast,1,0,,6,,,7# 동작 상한 경보 설정
155,D856,D,856,uint32,fast,1,0,,6,,,7# 동작 하한 경보 설정
156,D858,D,858,uint32,fast,1,0,,6,,,7# 재설정 상한 경보 설정
157,D860,D,860,uint32,fast,1,0,,6,,,7# 하한 경보 설정 재설정
158,D862,D,862,uint32,fast,1,0,,6,,,7# 동기 시간 알람 설정
159,D870,D,870,float32,fast,1,0,1,,,,7# 동작 하한 불량률
160,D872,D,872,float32,fast,1,0,1,,,,7# 상한 불량률 재설정
161,D874,D,874,float32,fast,1,0,1,,,,7# 하한 불량률 재설정
162,D876,D,876,float32,fast,1,0,1,,,,7# 동기화 시간 불량률
163,D900,D,900,string,fast,1,0,,10,,,모델 입력 1
164,D1002,D,1002,uint32,fast,0.01,0,,,,,1개의 수동 속도 왔다갔다 3#
165,D1006,D,1006,int32,fast,0.01,0,,5,,,3#1 상하 현재 위치
166,D1008,D,1008,uint16,fast,1,0,,4,,,3# 위아래로 1개의 원점 간격
167,D1010,D,1010,uint32,fast,0.01,0,,,,,1개의 빈 주행 속도 위아래로 3#
168,D1012,D,1012,uint32,fast,0.01,0,,,,,1개의 검색 속도 위아래로 3#
169,D1014,D,1014,uint32,fast,0.01,0,,,,,1 감지 속도 위아래로 3#
170,D1022,D,1022,uint32,fast,0.01,0,,,,,2 수동 속도 왔다갔다 3#
171,D1026,D,1026,int32,fast,0.01,0,,5,,,3#2 상하 현재 위치
172,D1028,D,1028,uint16,fast,1,0,,4,,,3# 위아래로 2개의 원점 간격
173,D1030,D,1030,uint32,fast,0.01,0,,,,,2 빈 주행 속도 위아래로 3#
174,D1032,D,1032,uint32,fast,0.01,0,,,,,3# 위아래로 2 검색 속도
175,D1034,D,1034,uint32,fast,0.01,0,,,,,2 감지 속도 위아래로 3#
176,D1042,D,1042,uint32,fast,0.01,0,,,,,1개의 수동 속도 왔다갔다 4#
177,D1046,D,1046,int32,fast,0.01,0,,5,,,4#1 상하 현재 위치
178,D1048,D,1048,uint16,fast,1,0,,4,,,4# 1 원점 간격 위아래
179,D1050,D,1050,uint32,fast,0.01,0,,,,,1개의 빈 주행 속도 위아래로 4#
180,D1052,D,1052,uint32,fast,0.01,0,,,,,1개의 검색 속도 위아래로 4#
181,D1054,D,1054,uint32,fast,0.01,0,,,,,1 감지 속도 위아래로 4#
182,D1062,D,1062,uint32,fast,0.01,0,,,,,2 수동 속도 왔다갔다 4#
183,D1066,D,1066,int32,fast,0.01,0,,5,,,4#2 상하 현재 위치
184,D1068,D,1068,uint16,fast,1,0,,4,,,4# 위아래로 2개의 원점 간격
185,D1070,D,1070,uint32,fast,0.01,0,,,,,2 빈 주행 속도 위아래로 4#
186,D1072,D,1072,uint32,fast,0.01,0,,,,,4# 위아래로 2개의 검색 속도
187,D1074,D,1074,uint32,fast,0.01,0,,,,,4# 위아래로 2 감지 속도
188,D1082,D,1082,uint32,fast,0.01,0,,,,,5#는 1개의 수동 속도를 감지합니다
189,D1086,D,1086,int32,fast,0.01,0,,5,,,5#현재 위치 1개 감지
190,D1088,D,1088,uint16,fast,1,0,,4,,,5#은 1개의 원점 간격을 감지합니다.
191,D1090,D,1090,uint32,fast,0.01,0,,,,,5# 감지 1 빈 실행 속도
192,D1092,D,1092,uint32,fast,0.01,0,,,,,5# 감지 1 감지 속도
193,D1102,D,1102,uint32,fast,0.01,0,,,,,5#는 2개의 수동 속도를 감지합니다
194,D1106,D,1106,int32,fast,0.01,0,,5,,,5#현재 위치 2개 감지
195,D1108,D,1108,uint16,fast,1,0,,4,,,5#은 2개의 원점 간격을 감지합니다.
196,D1110,D,1110,uint32,fast,0.01,0,,,,,5# 감지 2 빈 실행 속도
197,D1112,D,1112,uint32,fast,0.01,0,,,,,5# 감지 2 감지 속도
198,D1122,D,1122,uint32,fast,0.01,0,,,,,5#는 3개의 수동 속도를 감지합니다
199,D1126,D,1126,int32,fast,0.01,0,,5,,,5#현재 위치 3개 감지
200,D1128,D,1128,uint16,fast,1,0,,4,,,5#은 3개의 원점 간격을 감지합니다.
201,D1130,D,1130,uint32,fast,0.01,0,,,,,5#는 3개의 빈 주행 속도를 감지합니다.
202,D1132,D,1132,uint32,fast,0.01,0,,,,,5# 감지 3 감지 속도
203,D1142,D,1142,uint32,fast,0.01,0,,,,,5#는 4개의 수동 속도를 감지합니다
204,D1146,D,1146,int32,fast,0.01,0,,5,,,5#현재 위치 4개 감지
205,D1148,D,1148,uint16,fast,1,0,,4,,,5#은 4개의 원점 간격을 감지합니다.
206,D1150,D,1150,uint32,fast,0.01,0,,,,,5#는 4개의 빈 주행 속도를 감지합니다.
207,D1152,D,1152,uint32,fast,0.01,0,,,,,5# 감지 4 감지 속도
208,D1162,D,1162,uint32,fast,0.01,0,,,,,6#는 1개의 수동 속도를 감지합니다
209,D1166,D,1166,int32,fast,0.01,0,,5,,,6#현재 위치 1개 감지
210,D1168,D,1168,uint16,fast,1,0,,4,,,6#은 1개의 원점 간격을 감지합니다.
211,D1170,D,1170,uint32,fast,0.01,0,,,,,6# 감지 1 공회전 속도
212,D1172,D,1172,uint32,fast,0.01,0,,,,,6# 감지 1 감지 속도
213,D1182,D,1182,uint32,fast,0.01,0,,,,,6#는 2개의 수동 속도를 감지합니다
214,D1186,D,1186,int32,fast,0.01,0,,5,,,6#현재 위치 2개 감지
215,D1188,D,1188,uint16,fast,1,0,,4,,,6#은 2개의 원점 간격을 감지합니다.
216,D1190,D,1190,uint32,fast,0.01,0,,,,,6# 감지 2 빈 실행 속도
217,D1192,D,1192,uint32,fast,0.01,0,,,,,6# 감지 2 감지 속도
218,D1202,D,1202,uint32,fast,0.01,0,,,,,6#는 3개의 수동 속도를 감지합니다
219,D1206,D,1206,int32,fast,0.01,0,,5,,,6#현재 위치 3개 감지
220,D1208,D,1208,uint16,fast,1,0,,4,,,6#은 3개의 원점 간격을 감지합니다.
221,D1210,D,1210,uint32,fast,0.01,0,,,,,6# 감지 3 빈 실행 속도
222,D1212,D,1212,uint32,fast,0.01,0,,,,,6# 감지 3 감지 속도
223,D1222,D,1222,uint32,fast,0.01,0,,,,,6#는 4개의 수동 속도를 감지합니다
224,D1226,D,1226,int32,fast,0.01,0,,5,,,6#현재 위치 4개 감지
225,D1228,D,1228,uint16,fast,1,0,,4,,,6#은 4개의 원점 간격을 감지합니다.
226,D1230,D,1230,uint32,fast,0.01,0,,,,,6#는 4개의 빈 주행 속도를 감지합니다.
227,D1232,D,1232,uint32,fast,0.01,0,,,,,6# 감지 4 감지 속도
228,D1240,D,1240,uint32,fast,0.01,0,,,,,10#NG 자동 절단 속도
229,D1242,D,1242,uint32,fast,0.01,0,,,,,10#NG 블랭킹 수동 속도
230,D1246,D,1246,int32,fast,0.01,0,,5,,,10#NG 절단 현재 위치
231,D1248,D,1248,uint16,fast,1,0,,4,,,10#NG 블랭킹 원점 간격
232,D1500,D,1500,uint16,fast,0.1,0,,,,,1# 자재 도착 지연
233,D1502,D,1502,int16,fast,1,0,,3,,,2#연속 NG 설정
234,D1504,D,1504,int16,fast,1,0,,3,,,3#연속 NG 설정
235,D1508,D,1508,uint16,fast,1,0,,,,,5#연속 NG 설정
236,D1512,D,1512,uint16,fast,1,0,,,,,7#연속 NG 설정
237,D1514,D,1514,uint16,fast,1,0,,,,,8#연속 NG 설정
238,D1516,D,1516,uint16,fast,0.1,0,,,,,9# 직접 진동 블랭킹 유도 지연
239,D1520,D,1520,uint16,fast,0.1,0,,,,,0#이온 블로잉 ON 시간
240,D1522,D,1522,uint16,fast,0.1,0,,,,,0#이온 취출 OFF 시간
241,D1524,D,1524,uint16,fast,1,0,,,,,0# 이온 취입 횟수
242,D1530,D,1530,uint16,fast,0.1,0,,,,,1# 재료 부족 경보
243,D1532,D,1532,uint16,fast,0.1,0,,,,,1# 자재 부족으로 중단
244,D1700,D,1700,uint32,fast,0.01,0,,,,,7#1L 동작전압 상태
245,D1702,D,1702,uint32,fast,0.01,0,,,,,7#1R 작동 전압 상태
246,D1704,D,1704,uint32,fast,0.01,0,,,,,7#1L 리셋 전압 상태
247,D1706,D,1706,uint32,fast,0.01,0,,,,,7#1R 리셋 전압 상태
248,D1710,D,1710,uint32,fast,0.01,0,,,,,7#2L 동작전압 상태
249,D1712,D,1712,uint32,fast,0.01,0,,,,,7#2R 작동 전압 상태
250,D1714,D,1714,uint32,fast,0.01,0,,,,,7#2L 리셋 전압 상태
251,D1716,D,1716,uint32,fast,0.01,0,,,,,7#2R 리셋 전압 상태
252,D1720,D,1720,uint32,fast,0.01,0,,,,,7#3L 동작전압 상태
253,D1722,D,1722,uint32,fast,0.01,0,,,,,7#3R 동작전압 상태
254,D1724,D,1724,uint32,fast,0.01,0,,,,,7#3L 리셋 전압 상태
255,D1726,D,1726,uint32,fast,0.01,0,,,,,7#3R 리셋 전압 상태
256,D1730,D,1730,uint32,fast,0.01,0,,,,,7#4L 작동 전압 상태
257,D1732,D,1732,uint32,fast,0.01,0,,,,,7#4R 작동 전압 상태
258,D1734,D,1734,uint32,fast,0.01,0,,,,,7#4L 리셋 전압 상태
259,D1736,D,1736,uint32,fast,0.01,0,,,,,7#4R 리셋 전압 상태
260,D2200,D,2200,float32,fast,1,0,2,,,,3#1 거리 상한 설정
261,D2202,D,2202,float32,fast,1,0,2,,,,3#1 거리 하한 설정
262,D2204,D,2204,float32,fast,1,0,3,,,,3#1_L 거리보정값 입력
263,D2206,D,2206,float32,fast,1,0,3,,,,3#1_R 거리보정값 입력
264,D2208,D,2208,float32,fast,1,0,1,,,,3#1 압력 상한 설정
265,D2210,D,2210,float32,fast,1,0,1,,,,3#1 압력 하한 설정
266,D2212,D,2212,float32,fast,1,0,3,,,,3#1_L 압력보상값 입력
267,D2214,D,2214,float32,fast,1,0,3,,,,3#1_R 압력보상값 입력
268,D2218,D,2218,float32,fast,1,0,2,,,,3#1_L 거리 결과값 표시
269,D2222,D,2222,float32,fast,1,0,2,,,,3#1_R 거리 결과값 표시
270,D2226,D,2226,float32,fast,1,0,2,,,,3#1_L 압력 결과값 표시
271,D2230,D,2230,float32,fast,1,0,2,,,,3#1_R 압력 결과값 표시
272,D2232,D,2232,uint32,fast,0.01,0,,,,,3#1_L 거리 결과 상태
273,D2234,D,2234,uint32,fast,0.01,0,,,,,3#1_R 거리 결과 상태
274,D2236,D,2236,uint32,fast,0.01,0,,,,,3#1_L 압력 결과 상태
275,D2238,D,2238,uint32,fast,0.01,0,,,,,3#1_R 압력 결과 상태
276,D2240,D,2240,float32,fast,1,0,2,,,,3#2 거리 상한 설정
277,D2242,D,2242,float32,fast,1,0,2,,,,3#2 거리 하한 설정
278,D2244,D,2244,float32,fast,1,0,3,,,,3#2_L 거리보정값 입력
279,D2246,D,2246,float32,fast,1,0,3,,,,3#2_R 거리보정값 입력
280,D2248,D,2248,float32,fast,1,0,1,,,,3#2 압력 상한 설정
281,D2250,D,2250,float32,fast,1,0,1,,,,3#2 압력 하한 설정
282,D2252,D,2252,float32,fast,1,0,3,,,,3#2_L 압력보상값 입력
283,D2254,D,2254,float32,fast,1,0,3,,,,3#2_R 압력보상값 입력
284,D2258,D,2258,float32,fast,1,0,2,,,,3#2_L 거리 결과값 표시
285,D2262,D,2262,float32,fast,1,0,2,,,,3#2_R 거리 결과값 표시
286,D2266,D,2266,float32,fast,1,0,2,,,,3#2_L 압력 결과값 표시
287,D2270,D,2270,float32,fast,1,0,2,,,,3#2_R 압력 결과값 표시
288,D2272,D,2272,uint32,fast,0.01,0,,,,,3#2_L 거리 결과 상태
289,D2274,D,2274,uint32,fast,0.01,0,,,,,3#2_R 거리 결과 상태
290,D2276,D,2276,uint32,fast,0.01,0,,,,,3#2_L 압력 결과 상태
291,D2278,D,2278,uint32,fast,0.01,0,,,,,3#2_R 압력 결과 상태
292,D2280,D,2280,uint16,fast,0.01,0,,,,,3/4# 충돌 압력 입력
293,D2300,D,2300,float32,fast,1,0,2,,,,4#1 거리 상한 설정
294,D2302,D,2302,float32,fast,1,0,2,,,,4#1 거리 하한 설정
295,D2304,D,2304,float32,fast,1,0,3,,,,4#1_L 거리보정값 입력
296,D2306,D,2306,float32,fast,1,0,3,,,,4#1_R 거리보정값 입력
297,D2308,D,2308,float32,fast,1,0,1,,,,4#1 압력 상한 설정
298,D2310,D,2310,float32,fast,1,0,1,,,,4#1 압력 하한 설정
299,D2312,D,2312,float32,fast,1,0,3,,,,4#1_L 압력보상값 입력
300,D2314,D,2314,float32,fast,1,0,3,,,,4#1_R 압력보상값 입력
301,D2318,D,2318,float32,fast,1,0,2,,,,4#1_L 거리 결과값 표시
302,D2322,D,2322,float32,fast,1,0,2,,,,4#1_R 거리 결과값 표시
303,D2326,D,2326,float32,fast,1,0,2,,,,4#1_L 압력 결과 값 표시
304,D2330,D,2330,float32,fast,1,0,2,,,,4#1_R 압력 결과 값 표시
305,D2332,D,2332,uint32,fast,0.01,0,,,,,4#1_L 거리 결과 상태
306,D2334,D,2334,uint32,fast,0.01,0,,,,,4#1_R 거리 결과 상태
307,D2336,D,2336,uint32,fast,0.01,0,,,,,4#1_L 압력 결과 상태
308,D2338,D,2338,uint32,fast,0.01,0,,,,,4#1_R 압력 결과 상태
309,D2340,D,2340,float32,fast,1,0,2,,,,4#2 거리 상한 설정
310,D2342,D,2342,float32,fast,1,0,2,,,,4#2 거리 하한 설정
311,D2344,D,2344,float32,fast,1,0,3,,,,4#2_L 거리보정값 입력
312,D2346,D,2346,float32,fast,1,0,3,,,,4#2_R 거리보정값 입력
313,D2348,D,2348,float32,fast,1,0,1,,,,4#2 압력 상한 설정
314,D2350,D,2350,float32,fast,1,0,1,,,,4#2 압력 하한 설정
315,D2352,D,2352,float32,fast,1,0,3,,,,4#2_L 압력보상값 입력
316,D2354,D,2354,float32,fast,1,0,3,,,,4#2_R 압력보상값 입력
317,D2358,D,2358,float32,fast,1,0,2,,,,4#2_L 거리 결과값 표시
318,D2362,D,2362,float32,fast,1,0,2,,,,4#2_R 거리 결과값 표시
319,D2366,D,2366,float32,fast,1,0,2,,,,4#2_L 압력 결과값 표시
320,D2370,D,2370,float32,fast,1,0,2,,,,4#2_R 압력 결과값 표시
321,D2372,D,2372,uint32,fast,0.01,0,,,,,4#2_L 거리 결과 상태
322,D2374,D,2374,uint32,fast,0.01,0,,,,,4#2_R 거리 결과 상태
323,D2376,D,2376,uint32,fast,0.01,0,,,,,4#2_L 압력 결과 상태
324,D2378,D,2378,uint32,fast,0.01,0,,,,,4#2_R 압력 결과 상태
325,D2420,D,2420,float32,fast,1,0,3,,,,3#CCD1_L 갭 보상 값
326,D2422,D,2422,float32,fast,1,0,3,,,,3#CCD1_R 간격보정값
327,D2424,D,2424,float32,fast,1,0,3,,,,3#CCD2_L 간격보정값
328,D2426,D,2426,float32,fast,1,0,3,,,,3#CCD2_R 갭 보상값
329,D2430,D,2430,float32,fast,1,0,3,,,,4#CCD1_L 갭 보상 값
330,D2432,D,2432,float32,fast,1,0,3,,,,4#CCD1_R 간격보정값
331,D2434,D,2434,float32,fast,1,0,3,,,,4#CCD2_L 간격보정값
332,D2436,D,2436,float32,fast,1,0,3,,,,4#CCD2_R 갭 보상값
333,D2440,D,2440,float32,fast,1,0,2,,,,3#CCD1_L 보정 후 데이터
334,D2442,D,2442,float32,fast,1,0,2,,,,3#CCD1_R 보정 후 데이터
335,D2444,D,2444,float32,fast,1,0,2,,,,3#CCD2_L 보정 후 데이터
336,D2446,D,2446,float32,fast,1,0,2,,,,3#CCD2_R 보정 후 데이터
337,D2450,D,2450,float32,fast,1,0,2,,,,4#CCD1_L 보정 후 데이터
338,D2452,D,2452,float32,fast,1,0,2,,,,4#CCD1_R 보정 후 데이터
339,D2454,D,2454,float32,fast,1,0,2,,,,4#CCD2_L 보정 후 데이터
340,D2456,D,2456,float32,fast,1,0,2,,,,4#CCD2_R 보정 후 데이터
341,D2470,D,2470,float32,fast,1,0,1,,,,5# 검출 상한 압력
342,D2472,D,2472,float32,fast,1,0,1,,,,5# 검출 하한 압력
343,D2480,D,2480,float32,fast,1,0,3,,,,5#은 1개의 보상 값을 감지합니다.
344,D2482,D,2482,float32,fast,1,0,3,,,,5#은 2개의 보상 값을 감지합니다.
345,D2484,D,2484,float32,fast,1,0,3,,,,5#은 3개의 보상 값을 감지합니다.
346,D2486,D,2486,float32,fast,1,0,3,,,,5#은 4개의 보상 값을 감지합니다.
347,D2500,D,2500,float32,fast,1,0,,,,,5# 테스트 1 결과 압력
348,D2502,D,2502,float32,fast,1,0,,,,,5# 테스트 2 결과 압력
349,D2504,D,2504,float32,fast,1,0,,,,,5# 테스트 3 결과 압력
350,D2506,D,2506,float32,fast,1,0,,,,,5# 테스트 4 결과 압력
351,D2510,D,2510,uint32,fast,0.01,0,,,,,5#감지 1 결과 상태
352,D2512,D,2512,uint32,fast,0.01,0,,,,,5# 테스트 2 결과 상태
353,D2514,D,2514,uint32,fast,0.01,0,,,,,5# 테스트 3 결과 상태
354,D2516,D,2516,uint32,fast,0.01,0,,,,,5# 테스트 4 결과 상태
355,D2532,D,2532,uint32,fast,1,0,,6,,,3#CCD1_NG
356,D2536,D,2536,uint32,fast,1,0,,6,,,3#CCD2_NG
357,D2540,D,2540,uint32,fast,1,0,,6,,,3#1 거리 NG
358,D2544,D,2544,uint32,fast,1,0,,6,,,3#1 퇴장 NG
359,D2548,D,2548,uint32,fast,1,0,,6,,,3#2 거리 NG
360,D2552,D,2552,uint32,fast,1,0,,6,,,3#2퇴출강제NG
361,D2562,D,2562,uint32,fast,1,0,,6,,,4#CCD1_NG
362,D2566,D,2566,uint32,fast,1,0,,6,,,4#CCD2_NG
363,D2570,D,2570,uint32,fast,1,0,,6,,,4#1 거리 NG
364,D2574,D,2574,uint32,fast,1,0,,6,,,4#1 릴리 NG
365,D2578,D,2578,uint32,fast,1,0,,6,,,4#2 거리 NG
366,D2582,D,2582,uint32,fast,1,0,,6,,,4#2퇴출강제NG
367,D2592,D,2592,uint32,fast,1,0,,6,,,2# 제품 1NG
368,D2596,D,2596,uint32,fast,1,0,,6,,,2# 제품 2NG
369,D2600,D,2600,uint32,fast,1,0,,6,,,2# 제품 3NG
370,D2604,D,2604,uint32,fast,1,0,,6,,,2# 제품 4NG
371,D2620,D,2620,uint16,fast,0.01,0,,,,,5# 충돌 압력 입력
372,D2630,D,2630,uint16,fast,0.01,0,,,,,6# 충돌 압력 입력
373,D2650,D,2650,float32,fast,1,0,1,,,,6# 검출 상한 압력
374,D2652,D,2652,float32,fast,1,0,1,,,,6# 검출 하한 압력
375,D2660,D,2660,float32,fast,1,0,3,,,,6#은 1개의 보상 값을 감지합니다.
376,D2662,D,2662,float32,fast,1,0,3,,,,6#은 2개의 보상 값을 감지합니다.
377,D2664,D,2664,float32,fast,1,0,3,,,,6#은 3개의 보상 값을 감지합니다.
378,D2666,D,2666,float32,fast,1,0,3,,,,6#은 4개의 보상 값을 감지합니다.
379,D2680,D,2680,float32,fast,1,0,,,,,6# 테스트 1 결과 압력
380,D2682,D,2682,float32,fast,1,0,,,,,6# 테스트 2 결과 압력
381,D2684,D,2684,float32,fast,1,0,,,,,6# 테스트 3 결과 압력
382,D2686,D,2686,float32,fast,1,0,,,,,6# 테스트 4 결과 압력
383,D2690,D,2690,uint32,fast,0.01,0,,,,,6#탐지 1 결과 상태
384,D2692,D,2692,uint32,fast,0.01,0,,,,,6#탐지2 결과현황
385,D2694,D,2694,uint32,fast,0.01,0,,,,,6# 테스트 3 결과 상태
386,D2696,D,2696,uint32,fast,0.01,0,,,,,6# 테스트 4 결과 상태
387,D2702,D,2702,uint32,fast,1,0,,6,,,5#1NG
388,D2706,D,2706,uint32,fast,1,0,,6,,,5#2NG
389,D2710,D,2710,uint32,fast,1,0,,6,,,5#3NG
390,D2714,D,2714,uint32,fast,1,0,,6,,,5#4NG
391,D2722,D,2722,uint32,fast,1,0,,6,,,6#1NG
392,D2726,D,2726,uint32,fast,1,0,,6,,,6#2NG
393,D2730,D,2730,uint32,fast,1,0,,6,,,6#3NG
394,D2734,D,2734,uint32,fast,1,0,,6,,,6#4NG
395,D2750,D,2750,float32,fast,1,0,2,,,,7#1 작동 전압 상한
396,D2752,D,2752,float32,fast,1,0,2,,,,7#1 작동 전압 하한
397,D2754,D,2754,float32,fast,1,0,3,,,,7#1 동작전압 보상값 L
398,D2758,D,2758,float32,fast,1,0,2,,,,7#1 동작전압 결과값 L
399,D2762,D,2762,float32,fast,1,0,3,,,,7#1 동작전압 보상값 R
400,D2766,D,2766,float32,fast,1,0,2,,,,7#1 동작전압 결과값 R
401,D2770,D,2770,float32,fast,1,0,2,,,,7#1 리셋 전압 상한
402,D2772,D,2772,float32,fast,1,0,2,,,,7#1 리셋 전압 하한
403,D2774,D,2774,float32,fast,1,0,2,,,,7#1 리셋 전압 보상값 L
404,D2778,D,2778,float32,fast,1,0,2,,,,7#1 리셋 전압 결과값 L
405,D2782,D,2782,float32,fast,1,0,2,,,,7#1 리셋 전압 보상값 R
406,D2786,D,2786,float32,fast,1,0,2,,,,7#1 리셋 전압 결과값 R
407,D2790,D,2790,float32,fast,1,0,,,,,7#1 동기화 시간 상한
408,D2794,D,2794,float32,fast,1,0,3,,,,7#1 동기화 시간 보상 값
409,D2798,D,2798,float32,fast,1,0,,,,,7#1 동기화 시간 결과값
410,D2800,D,2800,uint32,fast,0.01,0,,,,,7#1 동기화 시간 결과 상태
411,D2808,D,2808,uint32,fast,1,0,,6,,,7#1 동작 상한 NG 수량
412,D2810,D,2810,uint32,fast,1,0,,6,,,7#1 동작 하한 NG 수량
413,D2812,D,2812,uint32,fast,1,0,,6,,,7#1 상한 NG 수량 재설정
414,D2814,D,2814,uint32,fast,1,0,,6,,,7#1 리셋 하한 NG 수량
415,D2816,D,2816,uint32,fast,1,0,,6,,,7#1 동기화 시간 NG 수량
416,D2820,D,2820,float32,fast,1,0,2,,,,7#2 동작전압 상한
417,D2822,D,2822,float32,fast,1,0,2,,,,7#2 작동 전압 하한
418,D2824,D,2824,float32,fast,1,0,3,,,,7#2 동작전압 보상값 L
419,D2828,D,2828,float32,fast,1,0,2,,,,7#2 동작전압 결과값 L
420,D2832,D,2832,float32,fast,1,0,3,,,,7#2 동작전압 보상값 R
421,D2836,D,2836,float32,fast,1,0,2,,,,7#2 동작전압 결과값 R
422,D2840,D,2840,float32,fast,1,0,2,,,,7#2 리셋 전압 상한
423,D2842,D,2842,float32,fast,1,0,2,,,,7#2 리셋 전압 하한
424,D2844,D,2844,float32,fast,1,0,2,,,,7#2 리셋 전압 보상값 L
425,D2848,D,2848,float32,fast,1,0,2,,,,7#2 리셋전압 결과값 L
426,D2852,D,2852,float32,fast,1,0,2,,,,7#2 리셋 전압 보상값 R
427,D2856,D,2856,float32,fast,1,0,2,,,,7#2 리셋전압 결과값 R
428,D2860,D,2860,float32,fast,1,0,,,,,7#2 동기화 시간 상한
429,D2864,D,2864,float32,fast,1,0,3,,,,7#2 동기화 시간 보상값
430,D2868,D,2868,float32,fast,1,0,,,,,7#2 동기화 시간 결과값
431,D2870,D,2870,uint32,fast,0.01,0,,,,,7#2 동기화 시간 결과 상태
432,D2878,D,2878,uint32,fast,1,0,,6,,,7#2 동작 상한 NG 수량
433,D2880,D,2880,uint32,fast,1,0,,6,,,7#2 동작 하한 NG 수량
434,D2882,D,2882,uint32,fast,1,0,,6,,,7#2 상한 NG 수량 재설정
435,D2884,D,2884,uint32,fast,1,0,,6,,,7#2 리셋 하한 NG 수량
436,D2886,D,2886,uint32,fast,1,0,,6,,,7#2 동기화 시간 NG 수량
437,D2890,D,2890,float32,fast,1,0,2,,,,7#3 동작전압 상한
438,D2892,D,2892,float32,fast,1,0,2,,,,7#3 작동 전압 하한
439,D2894,D,2894,float32,fast,1,0,3,,,,7#3 동작전압 보상값 L
440,D2898,D,2898,float32,fast,1,0,2,,,,7#3 동작전압 결과값 L
441,D2902,D,2902,float32,fast,1,0,3,,,,7#3 동작전압 보상값 R
442,D2906,D,2906,float32,fast,1,0,2,,,,7#3 동작전압 결과값 R
443,D2910,D,2910,float32,fast,1,0,2,,,,7#3 리셋 전압 상한
444,D2912,D,2912,float32,fast,1,0,2,,,,7#3 리셋 전압 하한
445,D2914,D,2914,float32,fast,1,0,2,,,,7#3 리셋 전압 보상값 L
446,D2918,D,2918,float32,fast,1,0,2,,,,7#3 리셋전압 결과값 L
447,D2922,D,2922,float32,fast,1,0,2,,,,7#3 리셋 전압 보상값 R
448,D2926,D,2926,float32,fast,1,0,2,,,,7#3 리셋전압 결과값 R
449,D2930,D,2930,float32,fast,1,0,,,,,7#3 동기화 시간 상한
450,D2934,D,2934,float32,fast,1,0,3,,,,7#3 동기화 시간 보상값
451,D2938,D,2938,float32,fast,1,0,,,,,7#3 동기화 시간 결과 값
452,D2940,D,2940,uint32,fast,0.01,0,,,,,7#3 동기화 시간 결과 상태
453,D2948,D,2948,uint32,fast,1,0,,6,,,7#3 동작 상한 NG 수량
454,D2950,D,2950,uint32,fast,1,0,,6,,,7#3 동작 하한 NG 수량
455,D2952,D,2952,uint32,fast,1,0,,6,,,7#3 상한 NG 수량 재설정
456,D2954,D,2954,uint32,fast,1,0,,6,,,7#3 리셋 하한 NG 수량
457,D2956,D,2956,uint32,fast,1,0,,6,,,7#3 동기화 시간 NG 수량
458,D2960,D,2960,float32,fast,1,0,2,,,,7#4 동작전압 상한
459,D2962,D,2962,float32,fast,1,0,2,,,,7#4 작동 전압 하한
460,D2964,D,2964,float32,fast,1,0,3,,,,7#4 동작전압 보상값 L
461,D2968,D,2968,float32,fast,1,0,2,,,,7#4 동작전압 결과값 L
462,D2972,D,2972,float32,fast,1,0,3,,,,7#4 동작전압 보상값 R
463,D2976,D,2976,float32,fast,1,0,2,,,,7#4 동작전압 결과값 R
464,D2980,D,2980,float32,fast,1,0,2,,,,7#4 리셋 전압 상한
465,D2982,D,2982,float32,fast,1,0,2,,,,7#4 리셋 전압 하한
466,D2984,D,2984,float32,fast,1,0,2,,,,7#4 리셋 전압 보상값 L
467,D2988,D,2988,float32,fast,1,0,2,,,,7#4 리셋전압 결과값 L
468,D2992,D,2992,float32,fast,1,0,2,,,,7#4 리셋 전압 보상값 R
469,D2996,D,2996,float32,fast,1,0,2,,,,7#4 리셋 전압 결과값 R
470,D3000,D,3000,float32,fast,1,0,,,,,7#4 동기화 시간 상한
471,D3004,D,3004,float32,fast,1,0,3,,,,7#4 동기화 시간 보상값
472,D3008,D,3008,float32,fast,1,0,,,,,7#4 동기화 시간 결과값
473,D3010,D,3010,uint32,fast,0.01,0,,,,,7#4 동기화 시간 결과 상태
474,D3018,D,3018,uint32,fast,1,0,,6,,,7#4 동작 상한 NG 수량
475,D3020,D,3020,uint32,fast,1,0,,6,,,7#4 동작 하한 NG 수량
476,D3022,D,3022,uint32,fast,1,0,,6,,,7#4는 NG 수량의 상한을 재설정합니다.
477,D3024,D,3024,uint32,fast,1,0,,6,,,7#4 하한 NG 수량 재설정
478,D3026,D,3026,uint32,fast,1,0,,6,,,7#4 동기화 시간 NG 수량
479,D3030,D,3030,uint32,fast,0.01,0,,,,,8#1 결과 상태
480,D3032,D,3032,uint32,fast,0.01,0,,,,,8#2 결과 상태
481,D3034,D,3034,uint32,fast,0.01,0,,,,,8#3 결과 상태
482,D3036,D,3036,uint32,fast,0.01,0,,,,,8#4 결과 상태
483,D3060,D,3060,uint32,fast,1,0,,7,,,2#PIN 사용 횟수
484,D3062,D,3062,uint32,fast,1,0,,7,,,3#PIN 사용 횟수
485,D3064,D,3064,uint32,fast,1,0,,7,,,4#PIN 사용 횟수
486,D3066,D,3066,uint32,fast,1,0,,7,,,5#PIN 사용 횟수
487,D3068,D,3068,uint32,fast,1,0,,7,,,6#PIN 사용 횟수
488,D3070,D,3070,uint32,fast,1,0,,7,,,7#PIN 사용 횟수
489,D3072,D,3072,uint32,fast,1,0,,7,,,8#PIN 사용 횟수
490,D3080,D,3080,uint32,fast,1,0,,7,,,2#PIN 생활 설정
491,D3082,D,3082,uint32,fast,1,0,,7,,,3#PIN 생활 설정
492,D3084,D,3084,uint32,fast,1,0,,7,,,4#PIN 수명 설정
493,D3086,D,3086,uint32,fast,1,0,,7,,,5#PIN 생활 설정
494,D3088,D,3088,uint32,fast,1,0,,7,,,6#PIN 생활 설정
495,D3090,D,3090,uint32,fast,1,0,,7,,,7#PIN 생활 설정
496,D3092,D,3092,uint32,fast,1,0,,7,,,8#PIN 수명 설정
497,D3100,D,3100,int32,log,1,0,,,,,Status_Ascll 전체 상태
498,D3300,D,3300,uint16,fast,1,0,,,,,7#1 테스터 파라미터 일련번호 설정
499,D3301,D,3301,uint16,fast,1,0,,,,,7#2 테스터 파라미터 일련번호 설정
500,D3302,D,3302,uint16,fast,1,0,,,,,7#3 테스터 파라미터 일련번호 설정
501,D3303,D,3303,uint16,fast,1,0,,,,,7#4 테스터 파라미터 일련번호 설정
502,D3400,D,3400,uint16,fast,0.1,0,,2,,,CT0
503,D3401,D,3401,uint16,fast,0.1,0,,2,,,CT1
504,D3402,D,3402,uint16,fast,0.1,0,,2,,,CT2
505,D3403,D,3403,uint16,fast,0.1,0,,2,,,CT3
506,D3404,D,3404,uint16,fast,0.1,0,,2,,,CT4
507,D3405,D,3405,uint16,fast,0.1,0,,2,,,CT5
508,D3406,D,3406,uint16,fast,0.1,0,,2,,,CT6
509,D3407,D,3407,uint16,fast,0.1,0,,2,,,CT7
510,D3408,D,3408,uint16,fast,0.1,0,,2,,,CT8
511,D3409,D,3409,uint16,fast,0.1,0,,2,,,CT9
512,D3420,D,3420,uint32,fast,1,0,,6,,,8#1 동작 상한 NG 수량
513,D3422,D,3422,uint32,fast,1,0,,6,,,8#1 동작 하한 NG 수량
514,D3424,D,3424,uint32,fast,1,0,,6,,,8#1 상한 NG 수량 재설정
515,D3426,D,3426,uint32,fast,1,0,,6,,,8#1 리셋 하한 NG 수량
516,D3430,D,3430,uint32,fast,1,0,,6,,,8#2 동작 상한 NG 수량
517,D3432,D,3432,uint32,fast,1,0,,6,,,8#2 동작 하한 NG 수량
518,D3434,D,3434,uint32,fast,1,0,,6,,,8#2 상한 NG 수량 재설정
519,D3436,D,3436,uint32,fast,1,0,,6,,,8#2 리셋 하한 NG 수량
520,D3440,D,3440,uint32,fast,1,0,,6,,,8#3 동작 상한 NG 수량
521,D3442,D,3442,uint32,fast,1,0,,6,,,8#3 동작 하한 NG 수량
522,D3444,D,3444,uint32,fast,1,0,,6,,,8#3 상한 NG 수량 재설정
523,D3446,D,3446,uint32,fast,1,0,,6,,,8#3 리셋 하한 NG 수량
524,D3450,D,3450,uint32,fast,1,0,,6,,,8#4 동작 상한 NG 수량
525,D3452,D,3452,uint32,fast,1,0,,6,,,8#4 동작 하한 NG 수량
526,D3454,D,3454,uint32,fast,1,0,,6,,,8#4 상한 NG 수량 재설정
527,D3456,D,3456,uint32,fast,1,0,,6,,,8#4 리셋 하한 NG 수량
528,D3460,D,3460,uint32,fast,1,0,,6,,,8# 액션 상한 NG 총 개수
529,D3462,D,3462,uint32,fast,1,0,,6,,,8# 액션 하한 NG 총 개수
530,D3464,D,3464,uint32,fast,1,0,,6,,,8#상한 NG 총수 재설정
531,D3466,D,3466,uint32,fast,1,0,,6,,,8# 하한 재설정 NG 총 개수
532,D3470,D,3470,float32,fast,1,0,1,,,,8# 동작 상한 NG%
533,D3472,D,3472,float32,fast,1,0,1,,,,8# 동작 하한 NG%
534,D3474,D,3474,float32,fast,1,0,1,,,,8#상한 재설정 NG%
535,D3476,D,3476,float32,fast,1,0,1,,,,8#하한 재설정 NG%
536,D3480,D,3480,uint32,fast,1,0,,6,,,8#1 동작 상한 NG 설정
537,D3482,D,3482,uint32,fast,1,0,,6,,,8#1 동작 하한 NG 설정
538,D3484,D,3484,uint32,fast,1,0,,6,,,8#1 리셋 상한 NG 설정
539,D3486,D,3486,uint32,fast,1,0,,6,,,8#1 리셋 하한 NG 설정
540,D3700,D,3700,uint16,fast,1,0,,,,,3#CCD1 파일 입력
541,D3701,D,3701,uint16,fast,1,0,,,,,3#CCD2 파일 입력
542,D3702,D,3702,uint16,fast,1,0,,,,,3#CCD3 파일 입력
543,D3703,D,3703,uint16,fast,1,0,,,,,3#CCD4 파일 입력
544,D3720,D,3720,uint16,fast,1,0,,5,,,2#확인1
545,D3721,D,3721,uint16,fast,1,0,,5,,,2#NG1
546,D3722,D,3722,uint16,fast,1,0,,5,,,2#OK2
547,D3723,D,3723,uint16,fast,1,0,,5,,,2#NG2
548,D3724,D,3724,uint16,fast,1,0,,5,,,2#OK3
549,D3725,D,3725,uint16,fast,1,0,,5,,,2#NG3
550,D3726,D,3726,uint16,fast,1,0,,5,,,2#OK4
551,D3727,D,3727,uint16,fast,1,0,,5,,,2#NG4
552,D3730,D,3730,uint16,fast,1,0,,5,,,3/4#CCD_OK1
553,D3731,D,3731,uint16,fast,1,0,,5,,,3/4#CCD_NG1
554,D3732,D,3732,uint16,fast,1,0,,5,,,3/4#CCD_OK2
555,D3733,D,3733,uint16,fast,1,0,,5,,,3/4#CCD_NG2
556,D3734,D,3734,uint16,fast,1,0,,5,,,3/4#CCD_OK3
557,D3735,D,3735,uint16,fast,1,0,,5,,,3/4#CCD_NG3
558,D3736,D,3736,uint16,fast,1,0,,5,,,3/4#CCD_OK4
559,D3737,D,3737,uint16,fast,1,0,,5,,,3/4#CCD_NG4
560,D3740,D,3740,uint16,fast,1,0,,5,,,3/4# 간격 OK1
561,D3741,D,3741,uint16,fast,1,0,,5,,,3/4# 간격 NG1
562,D3742,D,3742,uint16,fast,1,0,,5,,,3/4# 간격 OK2
563,D3743,D,3743,uint16,fast,1,0,,5,,,3/4# 간격 NG2
564,D3744,D,3744,uint16,fast,1,0,,5,,,3/4# 간격 OK3
565,D3745,D,3745,uint16,fast,1,0,,5,,,3/4# 간격 NG3
566,D3746,D,3746,uint16,fast,1,0,,5,,,3/4# 간격 OK4
567,D3747,D,3747,uint16,fast,1,0,,5,,,3/4# 간격 NG4
568,D3750,D,3750,uint16,fast,1,0,,5,,,3/4#강제퇴장 OK1
569,D3751,D,3751,uint16,fast,1,0,,5,,,3/4# 강제 NG1 이탈
570,D3752,D,3752,uint16,fast,1,0,,5,,,3/4#강제퇴장 OK2
571,D3753,D,3753,uint16,fast,1,0,,5,,,3/4#탈출력 NG2
572,D3754,D,3754,uint16,fast,1,0,,5,,,3/4#강제퇴장 OK3
573,D3755,D,3755,uint16,fast,1,0,,5,,,3/4#퇴장강제 NG3
574,D3756,D,3756,uint16,fast,1,0,,5,,,3/4#강제퇴장 OK4
575,D3757,D,3757,uint16,fast,1,0,,5,,,3/4#퇴장 강제 NG4
576,D3760,D,3760,uint16,fast,1,0,,5,,,5#L 압력 OK1
577,D3761,D,3761,uint16,fast,1,0,,5,,,5#L 압력 NG1
578,D3762,D,3762,uint16,fast,1,0,,5,,,5#L 압력 OK2
579,D3763,D,3763,uint16,fast,1,0,,5,,,5#L 압력 NG2
580,D3764,D,3764,uint16,fast,1,0,,5,,,5#L 압력 OK3
581,D3765,D,3765,uint16,fast,1,0,,5,,,5#L 압력 NG3
582,D3766,D,3766,uint16,fast,1,0,,5,,,5#L 압력 OK4
583,D3767,D,3767,uint16,fast,1,0,,5,,,5#L 압력 NG4
584,D3770,D,3770,uint16,fast,1,0,,5,,,6#R 압력 OK1
585,D3771,D,3771,uint16,fast,1,0,,5,,,6#R 압력 NG1
586,D3772,D,3772,uint16,fast,1,0,,5,,,6#R 압력 OK2
587,D3773,D,3773,uint16,fast,1,0,,5,,,6#R 압력 NG2
588,D3774,D,3774,uint16,fast,1,0,,5,,,6#R 압력 OK3
589,D3775,D,3775,uint16,fast,1,0,,5,,,6#R 압력 NG3
590,D3776,D,3776,uint16,fast,1,0,,5,,,6#R 압력 OK4
591,D3777,D,3777,uint16,fast,1,0,,5,,,6#R 압력 NG4
592,D3780,D,3780,uint16,fast,1,0,,5,,,7#액션 L-OK1
593,D3781,D,3781,uint16,fast,1,0,,5,,,7# 액션 L-NG1
594,D3782,D,3782,uint16,fast,1,0,,5,,,7# 액션 L-OK2
595,D3783,D,3783,uint16,fast,1,0,,5,,,7# 액션 L-NG2
596,D3784,D,3784,uint16,fast,1,0,,5,,,7# 액션 L-OK3
597,D3785,D,3785,uint16,fast,1,0,,5,,,7# 액션 L-NG3
598,D3786,D,3786,uint16,fast,1,0,,5,,,7# 액션 L-OK4
599,D3787,D,3787,uint16,fast,1,0,,5,,,7# 액션 L-NG4
600,D3790,D,3790,uint16,fast,1,0,,5,,,7# 액션 R-OK1
601,D3791,D,3791,uint16,fast,1,0,,5,,,7# 액션 R-NG1
602,D3792,D,3792,uint16,fast,1,0,,5,,,7# 액션 R-OK2
603,D3793,D,3793,uint16,fast,1,0,,5,,,7#액션 R-NG2
604,D3794,D,3794,uint16,fast,1,0,,5,,,7# 액션 R-OK3
605,D3795,D,3795,uint16,fast,1,0,,5,,,7# 액션 R-NG3
606,D3796,D,3796,uint16,fast,1,0,,5,,,7# 액션 R-OK4
607,D3797,D,3797,uint16,fast,1,0,,5,,,7# 액션 R-NG4
608,D3800,D,3800,uint16,fast,1,0,,5,,,7#L-OK1 재설정
609,D3801,D,3801,uint16,fast,1,0,,5,,,7#L-NG1 재설정
610,D3802,D,3802,uint16,fast,1,0,,5,,,7#L-OK2 재설정
611,D3803,D,3803,uint16,fast,1,0,,5,,,7#L-NG2 재설정
612,D3804,D,3804,uint16,fast,1,0,,5,,,7#L-OK3 재설정
613,D3805,D,3805,uint16,fast,1,0,,5,,,7#L-NG3 재설정
614,D3806,D,3806,uint16,fast,1,0,,5,,,7#L-OK4 재설정
615,D3807,D,3807,uint16,fast,1,0,,5,,,7#L-NG4 재설정
616,D3810,D,3810,uint16,fast,1,0,,5,,,7#R-OK1 재설정
617,D3811,D,3811,uint16,fast,1,0,,5,,,7#R-NG1 재설정
618,D3812,D,3812,uint16,fast,1,0,,5,,,7#R-OK2 재설정
619,D3813,D,3813,uint16,fast,1,0,,5,,,7#R-NG2 재설정
620,D3814,D,3814,uint16,fast,1,0,,5,,,7#R-OK3 재설정
621,D3815,D,3815,uint16,fast,1,0,,5,,,7#R-NG3 재설정
622,D3816,D,3816,uint16,fast,1,0,,5,,,7#R-OK4 재설정
623,D3817,D,3817,uint16,fast,1,0,,5,,,7#R-NG4 재설정
624,D3820,D,3820,uint16,fast,1,0,,5,,,8# 전압 OK1
625,D3821,D,3821,uint16,fast,1,0,,5,,,8# 전압 NG1
626,D3822,D,3822,uint16,fast,1,0,,5,,,8# 전압 OK2
627,D3823,D,3823,uint16,fast,1,0,,5,,,8# 전압 NG2
628,D3824,D,3824,uint16,fast,1,0,,5,,,8# 전압 OK3
629,D3825,D,3825,uint16,fast,1,0,,5,,,8# 전압 NG3
630,D3826,D,3826,uint16,fast,1,0,,5,,,8# 전압 OK4
631,D3827,D,3827,uint16,fast,1,0,,5,,,8# 전압 NG4
632,D3830,D,3830,uint16,fast,1,0,,5,,,7# 동기화 시간 OK1
633,D3831,D,3831,uint16,fast,1,0,,5,,,7# 동기화 시간 NG1
634,D3832,D,3832,uint16,fast,1,0,,5,,,7# 동기화 시간 OK2
635,D3833,D,3833,uint16,fast,1,0,,5,,,7# 동기화 시간 NG2
636,D3834,D,3834,uint16,fast,1,0,,5,,,7# 동기화 시간 OK3
637,D3835,D,3835,uint16,fast,1,0,,5,,,7# 동기화 시간 NG3
638,D3836,D,3836,uint16,fast,1,0,,5,,,7# 동기화 시간 OK4
639,D3837,D,3837,uint16,fast,1,0,,5,,,7# 동기화 시간 NG4
640,D3840,D,3840,int16,fast,0.01,0,,,,,2# 표시등을 확인하십시오
641,D3841,D,3841,int16,fast,0.01,0,,,,,3/4#CCD 표시등을 확인하세요.
642,D3842,D,3842,int16,fast,0.01,0,,,,,3/4# 간격 표시 등을 확인하세요.
643,D3843,D,3843,int16,fast,0.01,0,,,,,3/4# 이탈력 표시등을 확인하세요.
644,D3844,D,3844,int16,fast,0.01,0,,,,,5#M 압력 L 표시등을 확인하세요.
645,D3845,D,3845,int16,fast,0.01,0,,,,,6#M 압력 R 표시등을 확인하세요.
646,D3846,D,3846,int16,fast,0.01,0,,,,,7# 동작 상한 표시 등을 확인하십시오.
647,D3847,D,3847,int16,fast,0.01,0,,,,,7# 동작 하한 표시등을 확인하세요.
648,D3848,D,3848,int16,fast,0.01,0,,,,,7# 재설정 상한 표시 등을 확인하십시오.
649,D3849,D,3849,int16,fast,0.01,0,,,,,7# 재설정 하한 표시 등을 확인하십시오.
650,D3850,D,3850,int16,fast,0.01,0,,,,,7# 동기화 시간 표시 등을 확인하십시오.
651,D3851,D,3851,int16,fast,0.01,0,,,,,8# 전압 표시 등을 확인하십시오.
652,D3996,D,3996,int16,fast,1,0,,,,,모델 선택 일련 번호
653,D4010,D,4010,string,fast,1,0,,15,,,레시피 모델 1
654,D4020,D,4020,string,fast,1,0,,15,,,포뮬러 모델 2
655,D4030,D,4030,string,fast,1,0,,15,,,포뮬러 모델 3
656,D4040,D,4040,string,fast,1,0,,15,,,포뮬러 모델 4
657,M0,M,0,bool,fast,1,0,,,,,OFF 연속 운전 ON 단일 단계 운전
658,M1,M,1,bool,fast,1,0,,,,,OFF 연속주기 ON 단일주기
659,M2,M,2,bool,fast,1,0,,,,,ON은 청소 중
660,M18,M,18,bool,fast,1,0,,,,,1개의 부정적인 한계 표시등 왔다갔다 3#
661,M19,M,19,bool,fast,1,0,,,,,1개의 긍정적인 한계 표시등 왔다갔다 3#
662,M28,M,28,bool,fast,1,0,,,,,2개의 부정적인 한계 지시등 왔다갔다 3#
663,M29,M,29,bool,fast,1,0,,,,,2개의 긍정적인 한계 지시등 왔다갔다 3#
664,M38,M,38,bool,fast,1,0,,,,,1개의 부정적인 한계 표시등 왔다갔다 4#
665,M39,M,39,bool,fast,1,0,,,,,1개의 긍정적인 한계 표시등 왔다갔다 4#
666,M48,M,48,bool,fast,1,0,,,,,2개의 부정적인 한계 지시등 왔다갔다 4#
667,M49,M,49,bool,fast,1,0,,,,,2개의 긍정적인 한계 지시등 왔다갔다 4#
668,M58,M,58,bool,fast,1,0,,,,,5# 감지 1 음수 한계 표시 등
669,M59,M,59,bool,fast,1,0,,,,,5# 감지 1 포지티브 리미트 표시등
670,M68,M,68,bool,fast,1,0,,,,,5# 탐지 2 부정적인 한계 지시등
671,M69,M,69,bool,fast,1,0,,,,,5# 감지 2 포지티브 리미트 표시등
672,M78,M,78,bool,fast,1,0,,,,,5# 탐지 3 부정적인 한계 표시등
673,M79,M,79,bool,fast,1,0,,,,,5# 감지 3 포지티브 리미트 표시등
674,M88,M,88,bool,fast,1,0,,,,,5# 탐지 4 부정적인 한계 표시등
675,M89,M,89,bool,fast,1,0,,,,,5# 감지 4 포지티브 리미트 표시등
676,M98,M,98,bool,fast,1,0,,,,,6# 탐지 1 부정적인 한계 표시등
677,M99,M,99,bool,fast,1,0,,,,,6# 감지 1 포지티브 리미트 표시등
678,M108,M,108,bool,fast,1,0,,,,,6# 탐지 2 부정적인 한계 지시등
679,M109,M,109,bool,fast,1,0,,,,,6# 감지 2 포지티브 리미트 표시등
680,M118,M,118,bool,fast,1,0,,,,,6# 탐지 3 부정적인 한계 표시등
681,M119,M,119,bool,fast,1,0,,,,,6# 감지 3 포지티브 리미트 표시등
682,M128,M,128,bool,fast,1,0,,,,,6# 탐지 4 부정적인 한계 표시등
683,M129,M,129,bool,fast,1,0,,,,,6# 감지 4 포지티브 리미트 표시등
684,M138,M,138,bool,fast,1,0,,,,,블랭킹을 위한 10#NG 네거티브 리미트 표시 등
685,M139,M,139,bool,fast,1,0,,,,,10#NG 블랭킹 포지티브 리미트 표시 등
686,M150,M,150,bool,fast,1,0,,,,,3# 서보 브레이크 매뉴얼
687,M151,M,151,bool,fast,1,0,,,,,4# 서보 브레이크 매뉴얼
688,M152,M,152,bool,fast,1,0,,,,,5# 서보 브레이크 매뉴얼
689,M153,M,153,bool,fast,1,0,,,,,6# 서보 브레이크 매뉴얼
690,M180,M,180,bool,log,1,0,,,,,확인 로깅이 시작되었습니다
691,M181,M,181,bool,fast,1,0,,,,,확인 터치스크린 로그 삭제
692,M182,M,182,bool,fast,1,0,,,,,"확인, SD 카드에 로그 다운로드"
693,M183,M,183,bool,fast,1,0,,,,,"확인, 로그를 USB로 다운로드"
694,M188,M,188,bool,log,1,0,,,,,시간별 로깅이 시작되었습니다.
695,M189,M,189,bool,fast,1,0,,,,,1시간마다 터치스크린 로그 삭제
696,M190,M,190,bool,fast,1,0,,,,,시간별 로그를 SD 카드에 다운로드
697,M191,M,191,bool,fast,1,0,,,,,시간별 로그를 USB로 다운로드
698,M193,M,193,bool,log,1,0,,,,,3#로깅 시작
699,M194,M,194,bool,fast,1,0,,,,,
700,M195,M,195,bool,log,1,0,,,,,5#로깅 시작
701,M196,M,196,bool,log,1,0,,,,,6#로깅 시작
702,M197,M,197,bool,log,1,0,,,,,7#로깅 시작
703,M199,M,199,bool,log,1,0,,,,,4#로깅 시작
704,M220,M,220,bool,fast,1,0,,,,,3#CCD1_확인
705,M221,M,221,bool,fast,1,0,,,,,3#CCD1_NG
706,M222,M,222,bool,fast,1,0,,,,,3#CCD2_확인
707,M223,M,223,bool,fast,1,0,,,,,3#CCD2_NG
708,M224,M,224,bool,fast,1,0,,,,,4#CCD1_확인
709,M225,M,225,bool,fast,1,0,,,,,4#CCD1_NG
710,M226,M,226,bool,fast,1,0,,,,,4#CCD2_확인
711,M227,M,227,bool,fast,1,0,,,,,4#CCD2_NG
712,M410,M,410,bool,fast,1,0,,,,,잠금 해제 버튼 확인
713,M500,M,500,bool,fast,1,0,,,,,3# 위아래로 1개의 원점 위치 지정
714,M501,M,501,bool,fast,1,0,,,,,3# 위아래로 1개의 원점 위치가 제자리에 있습니다.
715,M502,M,502,bool,fast,1,0,,,,,3# 위아래로 1개의 검색 시작 위치 지정
716,M503,M,503,bool,fast,1,0,,,,,3# 위아래로 1개의 검색 시작 위치
717,M504,M,504,bool,fast,1,0,,,,,3# 위아래로 1개의 검색 끝 위치 지정
718,M505,M,505,bool,fast,1,0,,,,,3# 위아래로 1개의 검색이 제자리에서 끝납니다.
719,M506,M,506,bool,fast,1,0,,,,,3# 위아래로 1개의 감지 끝 위치 지정
720,M507,M,507,bool,fast,1,0,,,,,3# 위아래로 1개의 감지가 완료되고 제자리에 있습니다.
721,M520,M,520,bool,fast,1,0,,,,,3# 위아래로 2 원점 위치 지정
722,M521,M,521,bool,fast,1,0,,,,,3# 상하 2개의 원점 위치가 있습니다.
723,M522,M,522,bool,fast,1,0,,,,,3# 위아래로 2 검색 시작 위치 지정
724,M523,M,523,bool,fast,1,0,,,,,3# 위아래로 2 검색 시작 위치
725,M524,M,524,bool,fast,1,0,,,,,3# 위아래로 2 검색 끝 위치 지정
726,M525,M,525,bool,fast,1,0,,,,,3# 위아래로 2개의 검색이 제자리에서 끝납니다.
727,M526,M,526,bool,fast,1,0,,,,,3# 위아래로 2 감지 끝 위치 지정
728,M527,M,527,bool,fast,1,0,,,,,3# 위아래로 2개의 감지가 완료되고 제자리에 있습니다.
729,M540,M,540,bool,fast,1,0,,,,,4# 위아래로 1개의 원점 위치 지정
730,M541,M,541,bool,fast,1,0,,,,,4# 위아래로 1개의 원점 위치가 있습니다.
731,M542,M,542,bool,fast,1,0,,,,,4# 위아래로 1 검색 시작 위치 지정
732,M543,M,543,bool,fast,1,0,,,,,4# 위아래로 1개의 검색 시작 위치
733,M544,M,544,bool,fast,1,0,,,,,4# 위아래로 1개의 검색이 위치 지정을 종료합니다.
734,M545,M,545,bool,fast,1,0,,,,,4# 위아래로 1개의 검색이 제자리에서 끝납니다.
735,M546,M,546,bool,fast,1,0,,,,,4# 위아래로 1개의 탐지 끝 위치 지정
736,M547,M,547,bool,fast,1,0,,,,,4# 위아래로 1개의 감지가 완료되고 제자리에 있습니다.
737,M560,M,560,bool,fast,1,0,,,,,4# 위아래로 2 원점 위치 지정
738,M561,M,561,bool,fast,1,0,,,,,4# 상하 2개의 원점 위치가 있습니다.
739,M562,M,562,bool,fast,1,0,,,,,4# 위아래로 2 검색 시작 위치 지정
740,M563,M,563,bool,fast,1,0,,,,,4# 위아래로 2 검색 시작 위치
741,M564,M,564,bool,fast,1,0,,,,,4# 위아래로 2개의 검색 끝 위치 지정
742,M565,M,565,bool,fast,1,0,,,,,4# 위아래로 2개의 검색이 제자리에서 끝납니다.
743,M566,M,566,bool,fast,1,0,,,,,4# 위아래로 2 감지 끝 위치 지정
744,M567,M,567,bool,fast,1,0,,,,,4# 위아래 2 감지가 완료되고 제자리에 있습니다.
745,M580,M,580,bool,fast,1,0,,,,,5#1 원점 위치 결정
746,M581,M,581,bool,fast,1,0,,,,,5#1 원점 위치가 제자리에 있습니다.
747,M582,M,582,bool,fast,1,0,,,,,5#1 감지 시작 위치 결정
748,M583,M,583,bool,fast,1,0,,,,,5#1 감지가 제자리에서 시작됩니다.
749,M584,M,584,bool,fast,1,0,,,,,5#1 감지 끝 위치 지정
750,M585,M,585,bool,fast,1,0,,,,,5#1 감지 완료 및 설치 완료
751,M600,M,600,bool,fast,1,0,,,,,5#2 원점 위치 결정
752,M601,M,601,bool,fast,1,0,,,,,5#2 원점 위치가 제자리에 있습니다.
753,M602,M,602,bool,fast,1,0,,,,,5#2는 시작 위치를 감지합니다.
754,M603,M,603,bool,fast,1,0,,,,,5#2 감지가 제자리에서 시작됩니다.
755,M604,M,604,bool,fast,1,0,,,,,5#2 감지 끝 위치 결정
756,M605,M,605,bool,fast,1,0,,,,,5#2 감지 완료 및 설치 완료
757,M620,M,620,bool,fast,1,0,,,,,5#3 원점 위치 결정
758,M621,M,621,bool,fast,1,0,,,,,5#3 원점 위치가 제자리에 있습니다.
759,M622,M,622,bool,fast,1,0,,,,,5#3 시작 위치 감지
760,M623,M,623,bool,fast,1,0,,,,,5#3 감지가 제자리에서 시작됩니다.
761,M624,M,624,bool,fast,1,0,,,,,5#3 감지 끝 위치 결정
762,M625,M,625,bool,fast,1,0,,,,,5#3 감지 완료 및 설치 완료
763,M640,M,640,bool,fast,1,0,,,,,5#4 원점 위치 결정
764,M641,M,641,bool,fast,1,0,,,,,5#4 원점 위치가 제자리에 있습니다.
765,M642,M,642,bool,fast,1,0,,,,,5#4는 시작 위치를 감지합니다.
766,M643,M,643,bool,fast,1,0,,,,,5#4 감지가 제자리에서 시작됩니다.
767,M644,M,644,bool,fast,1,0,,,,,5#4 감지 끝 위치 결정
768,M645,M,645,bool,fast,1,0,,,,,5#4 감지 완료 및 설치 완료
769,M660,M,660,bool,fast,1,0,,,,,6#1 원점 위치 결정
770,M661,M,661,bool,fast,1,0,,,,,6#1 원점 위치가 제자리에 있습니다.
771,M662,M,662,bool,fast,1,0,,,,,6#1 감지 시작 위치 결정
772,M663,M,663,bool,fast,1,0,,,,,6#1 감지가 제자리에서 시작됩니다.
773,M664,M,664,bool,fast,1,0,,,,,6#1 감지 끝 위치 지정
774,M665,M,665,bool,fast,1,0,,,,,6#1 감지 완료 및 설치 완료
775,M680,M,680,bool,fast,1,0,,,,,6#2 원점 위치 결정
776,M681,M,681,bool,fast,1,0,,,,,6#2 원점 위치가 제자리에 있습니다.
777,M682,M,682,bool,fast,1,0,,,,,6#2는 시작 위치를 감지합니다.
778,M683,M,683,bool,fast,1,0,,,,,6#2 감지가 제자리에서 시작됩니다.
779,M684,M,684,bool,fast,1,0,,,,,6#2 감지 끝 위치 결정
780,M685,M,685,bool,fast,1,0,,,,,6#2 감지 완료 및 설치 완료
781,M700,M,700,bool,fast,1,0,,,,,6#3 원점 위치 결정
782,M701,M,701,bool,fast,1,0,,,,,6#3 원점 위치가 제자리에 있습니다.
783,M702,M,702,bool,fast,1,0,,,,,6#3 시작 위치 감지
784,M703,M,703,bool,fast,1,0,,,,,6#3 감지가 제자리에서 시작됩니다.
785,M704,M,704,bool,fast,1,0,,,,,6#3 감지 끝 위치 지정
786,M705,M,705,bool,fast,1,0,,,,,6#3 감지 완료 및 설치 완료
787,M720,M,720,bool,fast,1,0,,,,,6#4 원점 위치 결정
788,M721,M,721,bool,fast,1,0,,,,,6#4 원점 위치가 제자리에 있습니다.
789,M722,M,722,bool,fast,1,0,,,,,6#4는 시작 위치를 감지합니다.
790,M723,M,723,bool,fast,1,0,,,,,6#4 감지가 제자리에서 시작됩니다.
791,M724,M,724,bool,fast,1,0,,,,,6#4 감지 끝 위치 결정
792,M725,M,725,bool,fast,1,0,,,,,6#4 감지가 완료되어 제자리에 있습니다.
793,M740,M,740,bool,fast,1,0,,,,,10#NG_반출 위치 위치 결정
794,M741,M,741,bool,fast,1,0,,,,,10#NG_피킹 위치는 정해져있습니다
795,M742,M,742,bool,fast,1,0,,,,,10#NG_CCD 위치 위치 지정
796,M743,M,743,bool,fast,1,0,,,,,10#NG_CCD가 있습니다
797,M744,M,744,bool,fast,1,0,,,,,10#NG_AGING 포지셔닝
798,M745,M,745,bool,fast,1,0,,,,,10#NG_AGING이 적용되었습니다.
799,M746,M,746,bool,fast,1,0,,,,,10#NG_강제 위치 지정
800,M747,M,747,bool,fast,1,0,,,,,10#NG_힘을 그대로 놔두기
801,M748,M,748,bool,fast,1,0,,,,,10#NG_접촉 간격 위치 결정
802,M749,M,749,bool,fast,1,0,,,,,10#NG_접촉간격은 맞음
803,M750,M,750,bool,fast,1,0,,,,,10#NG_M 압력 위치 결정
804,M751,M,751,bool,fast,1,0,,,,,10#NG_M 압력이 가해졌습니다
805,M752,M,752,bool,fast,1,0,,,,,10#NG_동기화된 시간 위치 결정
806,M753,M,753,bool,fast,1,0,,,,,10#NG_동기화 시간은 맞네요
807,M754,M,754,bool,fast,1,0,,,,,10#NG_작용전압 포지셔닝
808,M755,M,755,bool,fast,1,0,,,,,10#NG_작용 전압이 제자리에 있음
809,M756,M,756,bool,fast,1,0,,,,,10#NG_리셋 전압 포지셔닝
810,M757,M,757,bool,fast,1,0,,,,,10#NG_리셋 전압이 걸려있습니다
811,M800,M,800,bool,fast,1,0,,,,,이전 레시피
812,M801,M,801,bool,fast,1,0,,,,,다음 레시피
813,M802,M,802,bool,fast,1,0,,,,,레시피 저장
814,M803,M,803,bool,fast,1,0,,,,,레시피 변경 플래그
815,M806,M,806,bool,fast,1,0,,,,,모델 변경 버튼
816,M900,M,900,bool,fast,1,0,,,,,3#1 검색 NG
817,M901,M,901,bool,fast,1,0,,,,,3#1 L_NG 감지
818,M902,M,902,bool,fast,1,0,,,,,3#1 R_NG 감지
819,M905,M,905,bool,fast,1,0,,,,,3#2 검색 NG
820,M906,M,906,bool,fast,1,0,,,,,3#2 L_NG 감지
821,M907,M,907,bool,fast,1,0,,,,,3#2 R_NG 감지
822,M910,M,910,bool,fast,1,0,,,,,4#1 검색NG
823,M911,M,911,bool,fast,1,0,,,,,4#1 L_NG 감지
824,M912,M,912,bool,fast,1,0,,,,,4#1 R_NG 감지
825,M915,M,915,bool,fast,1,0,,,,,4#2 검색 NG
826,M916,M,916,bool,fast,1,0,,,,,4#2 L_NG 감지
827,M917,M,917,bool,fast,1,0,,,,,4#2 R_NG 감지
828,M920,M,920,bool,fast,1,0,,,,,5#1ON_NG
829,M921,M,921,bool,fast,1,0,,,,,5#1OFF_NG
830,M922,M,922,bool,fast,1,0,,,,,5#2ON_NG
831,M923,M,923,bool,fast,1,0,,,,,5#2OFF_NG
832,M924,M,924,bool,fast,1,0,,,,,5#3ON_NG
833,M925,M,925,bool,fast,1,0,,,,,5#3OFF_NG
834,M926,M,926,bool,fast,1,0,,,,,5#4ON_NG
835,M927,M,927,bool,fast,1,0,,,,,5#4OFF_NG
836,M930,M,930,bool,fast,1,0,,,,,6#1ON_NG
837,M931,M,931,bool,fast,1,0,,,,,6#1OFF_NG
838,M932,M,932,bool,fast,1,0,,,,,6#2ON_NG
839,M933,M,933,bool,fast,1,0,,,,,6#2OFF_NG
840,M934,M,934,bool,fast,1,0,,,,,6#3ON_NG
841,M935,M,935,bool,fast,1,0,,,,,6#3OFF_NG
842,M936,M,936,bool,fast,1,0,,,,,6#4ON_NG
843,M937,M,937,bool,fast,1,0,,,,,6#4OFF_NG
844,M1001,M,1001,bool,fast,1,0,,,,,2# 테스트 중
845,M1002,M,1002,bool,fast,1,0,,,,,3# 테스트 중
846,M1003,M,1003,bool,fast,1,0,,,,,4# 테스트 중
847,M1004,M,1004,bool,fast,1,0,,,,,5# 테스트 중
848,M1005,M,1005,bool,fast,1,0,,,,,6# 테스트 중
849,M1006,M,1006,bool,fast,1,0,,,,,7# 테스트 중
850,M1007,M,1007,bool,fast,1,0,,,,,8# 테스트 중
851,M2000,M,2000,bool,fast,1,0,,,,,8#1 테스트 OK
852,M2001,M,2001,bool,fast,1,0,,,,,8#1 등급 NG
853,M2002,M,2002,bool,fast,1,0,,,,,8#1 동작 하한 NG
854,M2003,M,2003,bool,fast,1,0,,,,,8#1 동작 상한 NG
855,M2004,M,2004,bool,fast,1,0,,,,,8#1 리셋 상한 NG
856,M2005,M,2005,bool,fast,1,0,,,,,8#1 리셋 하한 NG
857,M2010,M,2010,bool,fast,1,0,,,,,8#2 테스트 OK
858,M2011,M,2011,bool,fast,1,0,,,,,8#2 등급 NG
859,M2012,M,2012,bool,fast,1,0,,,,,8#2 동작 하한 NG
860,M2013,M,2013,bool,fast,1,0,,,,,8#2 동작 상한 NG
861,M2014,M,2014,bool,fast,1,0,,,,,8#2 리셋 상한 NG
862,M2015,M,2015,bool,fast,1,0,,,,,8#2 리셋 하한 NG
863,M2020,M,2020,bool,fast,1,0,,,,,8#3 테스트 OK
864,M2021,M,2021,bool,fast,1,0,,,,,8#3 등급 NG
865,M2022,M,2022,bool,fast,1,0,,,,,8#3 동작 하한 NG
866,M2023,M,2023,bool,fast,1,0,,,,,8#3 동작 상한 NG
867,M2024,M,2024,bool,fast,1,0,,,,,8#3 리셋 상한 NG
868,M2025,M,2025,bool,fast,1,0,,,,,8#3 리셋 하한 NG
869,M2030,M,2030,bool,fast,1,0,,,,,8#4 테스트 OK
870,M2031,M,2031,bool,fast,1,0,,,,,8#4 등급 NG
871,M2032,M,2032,bool,fast,1,0,,,,,8#4 동작 하한 NG
872,M2033,M,2033,bool,fast,1,0,,,,,8#4 동작 상한 NG
873,M2034,M,2034,bool,fast,1,0,,,,,8#4 리셋 상한 NG
874,M2035,M,2035,bool,fast,1,0,,,,,8#4 리셋 하한 NG
875,L11,L,11,bool,fast,1,0,,,,,1#재설정
876,L12,L,12,bool,fast,1,0,,,,,2# 재설정
877,L13,L,13,bool,fast,1,0,,,,,3# 재설정
878,L14,L,14,bool,fast,1,0,,,,,4# 재설정
879,L15,L,15,bool,fast,1,0,,,,,5# 재설정
880,L16,L,16,bool,fast,1,0,,,,,6# 재설정
881,L17,L,17,bool,fast,1,0,,,,,7#리셋
882,L18,L,18,bool,fast,1,0,,,,,8# 재설정
883,L19,L,19,bool,fast,1,0,,,,,9#리셋
884,L20,L,20,bool,fast,1,0,,,,,10# 재설정
885,L51,L,51,bool,fast,1,0,,,,,1# 재설정 완료
886,L52,L,52,bool,fast,1,0,,,,,2# 재설정 완료
887,L53,L,53,bool,fast,1,0,,,,,3# 재설정 완료
888,L54,L,54,bool,fast,1,0,,,,,4# 재설정 완료
889,L55,L,55,bool,fast,1,0,,,,,5# 재설정 완료
890,L56,L,56,bool,fast,1,0,,,,,6# 재설정 완료
891,L57,L,57,bool,fast,1,0,,,,,7# 재설정 완료
892,L58,L,58,bool,fast,1,0,,,,,8# 재설정 완료
893,L59,L,59,bool,fast,1,0,,,,,9# 재설정 완료
894,L60,L,60,bool,fast,1,0,,,,,10# 재설정 완료
895,L101,L,101,bool,fast,1,0,,,,,1#예외
896,L102,L,102,bool,fast,1,0,,,,,2#예외
897,L103,L,103,bool,fast,1,0,,,,,3#예외
898,L104,L,104,bool,fast,1,0,,,,,4#예외
899,L105,L,105,bool,fast,1,0,,,,,5#예외
900,L106,L,106,bool,fast,1,0,,,,,6#예외
901,L107,L,107,bool,fast,1,0,,,,,7#예외
902,L108,L,108,bool,fast,1,0,,,,,8#예외
903,L109,L,109,bool,fast,1,0,,,,,9#예외
904,L110,L,110,bool,fast,1,0,,,,,10#예외
905,L121,L,121,bool,fast,1,0,,,,,1# 원산지
906,L122,L,122,bool,fast,1,0,,,,,2# 원산지
907,L123,L,123,bool,fast,1,0,,,,,3# 원산지
908,L124,L,124,bool,fast,1,0,,,,,4# 원산지
909,L125,L,125,bool,fast,1,0,,,,,5# 원산지
910,L126,L,126,bool,fast,1,0,,,,,6# 원산지
911,L127,L,127,bool,fast,1,0,,,,,7# 원산지
912,L128,L,128,bool,fast,1,0,,,,,8# 원산지
913,L129,L,129,bool,fast,1,0,,,,,9# 원산지
914,L130,L,130,bool,fast,1,0,,,,,10# 원산지
915,L141,L,141,bool,fast,1,0,,,,,1# 작동 중
916,L142,L,142,bool,fast,1,0,,,,,2# 작동 중
917,L143,L,143,bool,fast,1,0,,,,,3# 작동 중
918,L144,L,144,bool,fast,1,0,,,,,4# 실행 중
919,L145,L,145,bool,fast,1,0,,,,,5# 작동 중
920,L146,L,146,bool,fast,1,0,,,,,6# 작동 중
921,L147,L,147,bool,fast,1,0,,,,,7# 실행 중
922,L148,L,148,bool,fast,1,0,,,,,8# 작동 중
923,L149,L,149,bool,fast,1,0,,,,,9# 실행 중
924,L150,L,150,bool,fast,1,0,,,,,10# 작동 중
925,L161,L,161,bool,fast,1,0,,,,,1# 재료 부족
926,L162,L,162,bool,fast,1,0,,,,,2# 재료 부족
927,L163,L,163,bool,fast,1,0,,,,,3# 재료 부족
928,L164,L,164,bool,fast,1,0,,,,,4# 재료 부족
929,L165,L,165,bool,fast,1,0,,,,,5# 재료 부족
930,L166,L,166,bool,fast,1,0,,,,,6# 재료 부족
931,L167,L,167,bool,fast,1,0,,,,,7# 재료 부족
932,L168,L,168,bool,fast,1,0,,,,,8# 재료 부족
933,L169,L,169,bool,fast,1,0,,,,,9# 재료 부족
934,L170,L,170,bool,fast,1,0,,,,,10# 재료 부족
935,L230,L,230,bool,fast,1,0,,,,,8#1 클리어
936,L231,L,231,bool,fast,1,0,,,,,8#2 클리어
937,L232,L,232,bool,fast,1,0,,,,,8#3 클리어
938,L233,L,233,bool,fast,1,0,,,,,8#4 클리어
939,L235,L,235,bool,fast,1,0,,,,,7# 동기화 시간 불량 재설정
940,L236,L,236,bool,fast,1,0,,,,,7# 동작 하한 불량 재설정
941,L237,L,237,bool,fast,1,0,,,,,7# 리셋 상한 불량 리셋
942,L238,L,238,bool,fast,1,0,,,,,7# 재설정 하한 재설정 불량
943,L239,L,239,bool,fast,1,0,,,,,총 결함이 해결되었습니다.
944,L240,L,240,bool,fast,1,0,,,,,AGING 불량 클리어링
945,L241,L,241,bool,fast,1,0,,,,,CCD 간격 불량 제거
946,L242,L,242,bool,fast,1,0,,,,,잘못된 간격 삭제
947,L243,L,243,bool,fast,1,0,,,,,강제로 잘못된 재설정 종료
948,L244,L,244,bool,fast,1,0,,,,,압력 L 불량 재설정
949,L245,L,245,bool,fast,1,0,,,,,압력 R 불량 재설정
950,L246,L,246,bool,fast,1,0,,,,,7# 동작 상한 오류 재설정
951,L249,L,249,bool,fast,1,0,,,,,생산 총계가 지워졌습니다.
952,L250,L,250,bool,fast,1,0,,,,,2#PIN 수명 재설정
953,L251,L,251,bool,fast,1,0,,,,,3#PIN 수명 재설정
954,L252,L,252,bool,fast,1,0,,,,,4#PIN 수명 재설정
955,L253,L,253,bool,fast,1,0,,,,,5#PIN 수명 재설정
956,L254,L,254,bool,fast,1,0,,,,,6#PIN 수명 재설정
957,L255,L,255,bool,fast,1,0,,,,,7#PIN 수명 재설정
958,L256,L,256,bool,fast,1,0,,,,,8#PIN 수명이 삭제되었습니다.
959,L581,L,581,bool,alm,1,0,,,,,실시간 효율/PCS
960,L582,L,582,bool,alm,1,0,,,,,수동 1
961,L583,L,583,bool,alm,1,0,,,,,1#
962,L584,L,584,bool,alm,1,0,,,,,"1#직진 피트
아래로 누름"
963,L601,L,601,bool,alm,1,0,,,,,0#이온풍 블로우
964,L602,L,602,bool,alm,1,0,,,,,"1#직진 피트 자재를
나우어 줌"
965,L603,L,603,bool,alm,1,0,,,,,"1#직진 피트 자재를
갈라서 상부로 고정"
966,L604,L,604,bool,alm,1,0,,,,,1#상하 자재 투입
967,L621,L,621,bool,alm,1,0,,,,,"1#자재 투입 가로
위치 이동"
968,L622,L,622,bool,alm,1,0,,,,,1#자재 투입 회전
969,L623,L,623,bool,alm,1,0,,,,,"1#자재 투입
그립퍼"
970,L624,L,624,bool,alm,1,0,,,,,
971,L650,L,650,bool,alm,1,0,,,,,이상 함
972,L651,L,651,bool,alm,1,0,,,,,원점
973,L652,L,652,bool,alm,1,0,,,,,동작 중
974,L653,L,653,bool,alm,1,0,,,,,공급부족
975,L654,L,654,bool,alm,1,0,,,,,차폐
976,L655,L,655,bool,alm,1,0,,,,,수동
977,L656,L,656,bool,alm,1,0,,,,,파라미터
978,L657,L,657,bool,alm,1,0,,,,,생산상태
979,L658,L,658,bool,alm,1,0,,,,,자동
980,L659,L,659,bool,alm,1,0,,,,,중문
981,L660,L,660,bool,alm,1,0,,,,,한글
982,L661,L,661,bool,alm,1,0,,,,,단일 유닛 리셋
983,L662,L,662,bool,alm,1,0,,,,,3#상하1서보
984,L663,L,663,bool,alm,1,0,,,,,3#상하2서보
985,L664,L,664,bool,alm,1,0,,,,,4#상하1서보
986,L665,L,665,bool,alm,1,0,,,,,4#상하2서보
987,L666,L,666,bool,alm,1,0,,,,,5#검사1서보
988,L667,L,667,bool,alm,1,0,,,,,5#검사2서보
989,L668,L,668,bool,alm,1,0,,,,,5#검사3서보
990,L669,L,669,bool,alm,1,0,,,,,5#검사4서보
991,L670,L,670,bool,alm,1,0,,,,,6#검사1서보
992,L671,L,671,bool,alm,1,0,,,,,6#검사2서보
993,L672,L,672,bool,alm,1,0,,,,,6#검사3서보
994,L673,L,673,bool,alm,1,0,,,,,6#검사4서보
995,L674,L,674,bool,alm,1,0,,,,,10#자재배출서보
996,L675,L,675,bool,alm,1,0,,,,,7# 동작/복귀 전압
997,L676,L,676,bool,alm,1,0,,,,,동작/복귀 전압2
998,L677,L,677,bool,alm,1,0,,,,,LOG ok
999,L678,L,678,bool,alm,1,0,,,,,LOG NG
1000,L679,L,679,bool,alm,1,0,,,,,LOG Number
1001,L680,L,680,bool,alm,1,0,,,,,구분
1002,L681,L,681,bool,alm,1,0,,,,,#1
1003,L682,L,682,bool,alm,1,0,,,,,#2
1004,L683,L,683,bool,alm,1,0,,,,,#3
1005,L684,L,684,bool,alm,1,0,,,,,#4
1006,L685,L,685,bool,alm,1,0,,,,,#5
1007,L686,L,686,bool,alm,1,0,,,,,#6
1008,L687,L,687,bool,alm,1,0,,,,,#7
1009,L688,L,688,bool,alm,1,0,,,,,#8
1010,L689,L,689,bool,alm,1,0,,,,,#9
1011,L690,L,690,bool,alm,1,0,,,,,생산수량
1012,L691,L,691,bool,alm,1,0,,,,,총 생산수
1013,L692,L,692,bool,alm,1,0,,,,,EA
1014,L693,L,693,bool,alm,1,0,,,,,CYCLE TIME
1015,L694,L,694,bool,alm,1,0,,,,,SEC
1016,L695,L,695,bool,alm,1,0,,,,,알람 화면
1017,L696,L,696,bool,alm,1,0,,,,,RESET
1018,L697,L,697,bool,alm,1,0,,,,,제시 화면
1019,L698,L,698,bool,alm,1,0,,,,,연속 실행
1020,L699,L,699,bool,alm,1,0,,,,,단계 실행
1021,L700,L,700,bool,alm,1,0,,,,,연속 순환
1022,L701,L,701,bool,alm,1,0,,,,,단일 순환
1023,L702,L,702,bool,alm,1,0,,,,,자재 정리
1024,L703,L,703,bool,alm,1,0,,,,,"자재
정리하는 중"
1025,L704,L,704,bool,alm,1,0,,,,,DC12V
1026,L705,L,705,bool,alm,1,0,,,,,DC24V
1027,L706,L,706,bool,alm,1,0,,,,,자동 화면
1028,L707,L,707,bool,alm,1,0,,,,,#10
1029,L708,L,708,bool,alm,1,0,,,,,Up
1030,L709,L,709,bool,alm,1,0,,,,,Down
1031,L710,L,710,bool,alm,1,0,,,,,Cursor
1032,L711,L,711,bool,alm,1,0,,,,,Delete
1033,L712,L,712,bool,alm,1,0,,,,,Del All
1034,L713,L,713,bool,alm,1,0,,,,,Date Search
1035,L714,L,714,bool,alm,1,0,,,,,ALARM LIST
1036,L715,L,715,bool,alm,1,0,,,,,1# 리셋
1037,L716,L,716,bool,alm,1,0,,,,,2# 리셋
1038,L717,L,717,bool,alm,1,0,,,,,3# 리셋
1039,L718,L,718,bool,alm,1,0,,,,,4# 리셋
1040,L719,L,719,bool,alm,1,0,,,,,5# 리셋
1041,L720,L,720,bool,alm,1,0,,,,,6# 리셋
1042,L721,L,721,bool,alm,1,0,,,,,7# 리셋
1043,L722,L,722,bool,alm,1,0,,,,,8# 리셋
1044,L723,L,723,bool,alm,1,0,,,,,9# 리셋
1045,L724,L,724,bool,alm,1,0,,,,,10# 리셋
1046,L725,L,725,bool,alm,1,0,,,,,메모리 지우기
1047,L726,L,726,bool,alm,1,0,,,,,
1048,L727,L,727,bool,alm,1,0,,,,,
1049,L728,L,728,bool,alm,1,0,,,,,
1050,L729,L,729,bool,alm,1,0,,,,,
1051,L730,L,730,bool,alm,1,0,,,,,
1052,L731,L,731,bool,alm,1,0,,,,,
1053,L732,L,732,bool,alm,1,0,,,,,
1054,L733,L,733,bool,alm,1,0,,,,,
1055,L734,L,734,bool,alm,1,0,,,,,
1056,L735,L,735,bool,alm,1,0,,,,,
1057,L736,L,736,bool,alm,1,0,,,,,
1058,L737,L,737,bool,alm,1,0,,,,,
1059,L738,L,738,bool,alm,1,0,,,,,
1060,L739,L,739,bool,alm,1,0,,,,,X13A
1061,L740,L,740,bool,alm,1,0,,,,,X13D
1062,L741,L,741,bool,alm,1,0,,,,,X13B
1063,L742,L,742,bool,alm,1,0,,,,,X13C
1064,L743,L,743,bool,alm,1,0,,,,,X13E
1065,L744,L,744,bool,alm,1,0,,,,,X13F
1066,L745,L,745,bool,alm,1,0,,,,,
1067,L746,L,746,bool,alm,1,0,,,,,
1068,L747,L,747,bool,alm,1,0,,,,,
1069,L748,L,748,bool,alm,1,0,,,,,
1070,L749,L,749,bool,alm,1,0,,,,,
1071,L750,L,750,bool,alm,1,0,,,,,
1072,L751,L,751,bool,alm,1,0,,,,,
1073,L752,L,752,bool,alm,1,0,,,,,
1074,L753,L,753,bool,alm,1,0,,,,,
1075,L754,L,754,bool,alm,1,0,,,,,
1076,L755,L,755,bool,alm,1,0,,,,,
1077,L756,L,756,bool,alm,1,0,,,,,
1078,L757,L,757,bool,alm,1,0,,,,,
1079,L758,L,758,bool,alm,1,0,,,,,
1080,L759,L,759,bool,alm,1,0,,,,,
1081,L760,L,760,bool,alm,1,0,,,,,
1082,L761,L,761,bool,alm,1,0,,,,,X14C
1083,L762,L,762,bool,alm,1,0,,,,,X14D
1084,L763,L,763,bool,alm,1,0,,,,,X14E
1085,L764,L,764,bool,alm,1,0,,,,,
1086,L765,L,765,bool,alm,1,0,,,,,
1087,L766,L,766,bool,alm,1,0,,,,,
1088,L767,L,767,bool,alm,1,0,,,,,
1089,L768,L,768,bool,alm,1,0,,,,,X15A
1090,L769,L,769,bool,alm,1,0,,,,,X15B
1091,L770,L,770,bool,alm,1,0,,,,,X15C
1092,L771,L,771,bool,alm,1,0,,,,,X15D
1093,L772,L,772,bool,alm,1,0,,,,,알람 buzzer 사용
1094,L773,L,773,bool,alm,1,0,,,,,알람 buzzer 차폐
1095,L774,L,774,bool,alm,1,0,,,,,자재 부족 buzzer 사용
1096,L775,L,775,bool,alm,1,0,,,,,자재 부족 buzzer 차폐
1097,L776,L,776,bool,alm,1,0,,,,,자재 부족 정지 사용
1098,L777,L,777,bool,alm,1,0,,,,,자재 부족 정지 차폐
1099,L778,L,778,bool,alm,1,0,,,,,기압 신호 사용
1100,L779,L,779,bool,alm,1,0,,,,,기압 신호 차폐
1101,L780,L,780,bool,alm,1,0,,,,,이상 함
1102,L781,L,781,bool,alm,1,0,,,,,주기/S
1103,L782,L,782,bool,alm,1,0,,,,,Min 효율/PCS
1104,L783,L,783,bool,alm,1,0,,,,,총 수량/PCS
1105,L784,L,784,bool,alm,1,0,,,,,OK 수량/PCS
1106,L785,L,785,bool,alm,1,0,,,,,NG수량/PCS
1107,L786,L,786,bool,alm,1,0,,,,,합격률/%
1108,L787,L,787,bool,alm,1,0,,,,,불량률/%
1109,L788,L,788,bool,alm,1,0,,,,,원점
1110,L789,L,789,bool,alm,1,0,,,,,동작 중
1111,L790,L,790,bool,alm,1,0,,,,,공급부족
1112,L791,L,791,bool,alm,1,0,,,,,차폐
1113,L792,L,792,bool,alm,1,0,,,,,수동
1114,L793,L,793,bool,alm,1,0,,,,,파라미터
1115,L794,L,794,bool,alm,1,0,,,,,생산상태
1116,L795,L,795,bool,alm,1,0,,,,,자동
1117,L796,L,796,bool,alm,1,0,,,,,중문
1118,L797,L,797,bool,alm,1,0,,,,,한글
1119,L798,L,798,bool,alm,1,0,,,,,단일 유닛 리셋
1120,L799,L,799,bool,alm,1,0,,,,,
1121,L800,L,800,bool,alm,1,0,,,,,1#
1122,L801,L,801,bool,alm,1,0,,,,,"1#직진 피트
아래로 누름"
1123,L802,L,802,bool,alm,1,0,,,,,0#이온풍 블로우
1124,L803,L,803,bool,alm,1,0,,,,,"1#직진 피트 자재를
나우어 줌"
1125,L804,L,804,bool,alm,1,0,,,,,"1#직진 피트 자재를
갈라서 상부로 고정"
1126,L805,L,805,bool,alm,1,0,,,,,1#상하 자재 투입
1127,L806,L,806,bool,alm,1,0,,,,,"1#자재 투입 가로
위치 이동"
1128,L807,L,807,bool,alm,1,0,,,,,1#자재 투입 회전
1129,L808,L,808,bool,alm,1,0,,,,,"1#자재 투입
그립퍼"
1130,L809,L,809,bool,alm,1,0,,,,,턴테이블 회전
1131,L810,L,810,bool,alm,1,0,,,,,수동 2
1132,L811,L,811,bool,alm,1,0,,,,,2# 이온풍 블로우
1133,L812,L,812,bool,alm,1,0,,,,,2#
1134,L813,L,813,bool,alm,1,0,,,,,2# 상 하  PIN 
1135,L814,L,814,bool,alm,1,0,,,,,
1136,L815,L,815,bool,alm,1,0,,,,,
1137,L816,L,816,bool,alm,1,0,,,,,2#상하
1138,L817,L,817,bool,alm,1,0,,,,,
1139,L818,L,818,bool,alm,1,0,,,,,2#그립퍼
1140,L819,L,819,bool,alm,1,0,,,,,
1141,L820,L,820,bool,alm,1,0,,,,,2#릴레이1
1142,L821,L,821,bool,alm,1,0,,,,,2#릴레이2
1143,L822,L,822,bool,alm,1,0,,,,,2#릴레이3
1144,L823,L,823,bool,alm,1,0,,,,,2#릴레이4
1145,L824,L,824,bool,alm,1,0,,,,,수동3
1146,L825,L,825,bool,alm,1,0,,,,,3#
1147,L826,L,826,bool,alm,1,0,,,,,3#상하PIN 
1148,L827,L,827,bool,alm,1,0,,,,,
1149,L828,L,828,bool,alm,1,0,,,,,
1150,L829,L,829,bool,alm,1,0,,,,,
1151,L830,L,830,bool,alm,1,0,,,,,3# 상 하  
1152,L831,L,831,bool,alm,1,0,,,,,
1153,L832,L,832,bool,alm,1,0,,,,,2#그립퍼
1154,L833,L,833,bool,alm,1,0,,,,,
1155,L834,L,834,bool,alm,1,0,,,,,OK
1156,L835,L,835,bool,alm,1,0,,,,,NG
1157,L836,L,836,bool,alm,1,0,,,,,4#
1158,L837,L,837,bool,alm,1,0,,,,,4# 상 하  
1159,L838,L,838,bool,alm,1,0,,,,,
1160,L839,L,839,bool,alm,1,0,,,,,
1161,L840,L,840,bool,alm,1,0,,,,,4# 상 하  
1162,L841,L,841,bool,alm,1,0,,,,,X17B
1163,L842,L,842,bool,alm,1,0,,,,,4#그립퍼
1164,L843,L,843,bool,alm,1,0,,,,,X17A
1165,L844,L,844,bool,alm,1,0,,,,,5# 상 하  
1166,L845,L,845,bool,alm,1,0,,,,,5#그립퍼
1167,L846,L,846,bool,alm,1,0,,,,,5#검사1전후
1168,L847,L,847,bool,alm,1,0,,,,,5#검사2전후
1169,L848,L,848,bool,alm,1,0,,,,,5#검사3전후
1170,L849,L,849,bool,alm,1,0,,,,,5#검사4전후
1171,L850,L,850,bool,alm,1,0,,,,,5#상하 PIN 
1172,L851,L,851,bool,alm,1,0,,,,,5#릴레이1
1173,L852,L,852,bool,alm,1,0,,,,,5#릴레이2
1174,L853,L,853,bool,alm,1,0,,,,,5#릴레이3
1175,L854,L,854,bool,alm,1,0,,,,,5#릴레이4
1176,L855,L,855,bool,alm,1,0,,,,,6# 상 하  
1177,L856,L,856,bool,alm,1,0,,,,,6#그립퍼
1178,L857,L,857,bool,alm,1,0,,,,,6#검사4전후
1179,L858,L,858,bool,alm,1,0,,,,,6#검사2전후
1180,L859,L,859,bool,alm,1,0,,,,,6#검사3전후
1181,L860,L,860,bool,alm,1,0,,,,,6#검사4전후
1182,L861,L,861,bool,alm,1,0,,,,,6#상하 PIN 
1183,L862,L,862,bool,alm,1,0,,,,,6#릴레이1
1184,L863,L,863,bool,alm,1,0,,,,,6#릴레이2
1185,L864,L,864,bool,alm,1,0,,,,,6#릴레이3
1186,L865,L,865,bool,alm,1,0,,,,,6#릴레이4
1187,L866,L,866,bool,alm,1,0,,,,,7#
1188,L867,L,867,bool,alm,1,0,,,,,6# 상 하  PIN 
1189,L868,L,868,bool,alm,1,0,,,,,7# 상 하
1190,L869,L,869,bool,alm,1,0,,,,,7#그립퍼
1191,L870,L,870,bool,alm,1,0,,,,,8#
1192,L871,L,871,bool,alm,1,0,,,,,8#PIN 상하
1193,L872,L,872,bool,alm,1,0,,,,,8#상하
1194,L873,L,873,bool,alm,1,0,,,,,8#그립퍼 
1195,L874,L,874,bool,alm,1,0,,,,,8#테스트 1 
1196,L875,L,875,bool,alm,1,0,,,,,8#테스트 2 
1197,L876,L,876,bool,alm,1,0,,,,,8#테스트 3 
1198,L877,L,877,bool,alm,1,0,,,,,8#테스트 4 
1199,L878,L,878,bool,alm,1,0,,,,,9#상하
1200,L879,L,879,bool,alm,1,0,,,,,9#가로 이동
1201,L880,L,880,bool,alm,1,0,,,,,9#그립퍼 1
1202,L881,L,881,bool,alm,1,0,,,,,9#그립퍼 2
1203,L882,L,882,bool,alm,1,0,,,,,9#그립퍼 3
1204,L883,L,883,bool,alm,1,0,,,,,9#그립퍼 4
1205,L884,L,884,bool,alm,1,0,,,,,9#회전
1206,L885,L,885,bool,alm,1,0,,,,,"9#직진피더
자재 갈라 놓음"
1207,L886,L,886,bool,alm,1,0,,,,,9#직진 피더 상
1208,L887,L,887,bool,alm,1,0,,,,,"9#직진 피더
자재를 밀어내다"
1209,L888,L,888,bool,alm,1,0,,,,,10#상하
1210,L889,L,889,bool,alm,1,0,,,,,10#자재 밀어내기
1211,L890,L,890,bool,alm,1,0,,,,,10#그립퍼 1
1212,L891,L,891,bool,alm,1,0,,,,,10#그립퍼 2
1213,L892,L,892,bool,alm,1,0,,,,,10#그립퍼 3
1214,L893,L,893,bool,alm,1,0,,,,,10#그립퍼 4
1215,L894,L,894,bool,alm,1,0,,,,,연속 NG 알람
1216,L895,L,895,bool,alm,1,0,,,,,3#연속 NG 알람/PCS
1217,L896,L,896,bool,alm,1,0,,,,,NL
1218,L897,L,897,bool,alm,1,0,,,,,PL
1219,L898,L,898,bool,alm,1,0,,,,,GO
1220,L899,L,899,bool,alm,1,0,,,,,JOG-
1221,L900,L,900,bool,alm,1,0,,,,,HOME
1222,L901,L,901,bool,alm,1,0,,,,,JOG+
1223,L902,L,902,bool,alm,1,0,,,,,수동 속도/mm
1224,L903,L,903,bool,alm,1,0,,,,,검색 속도/mm
1225,L904,L,904,bool,alm,1,0,,,,,원점 간격/회
1226,L905,L,905,bool,alm,1,0,,,,,현재 위치/mm
1227,L906,L,906,bool,alm,1,0,,,,,3#상하1
1228,L907,L,907,bool,alm,1,0,,,,,검출 속도/mm
1229,L908,L,908,bool,alm,1,0,,,,,공 실행 속도/mm
1230,L909,L,909,bool,alm,1,0,,,,,원점위치/mm
1231,L910,L,910,bool,alm,1,0,,,,,접촉검색 시작/mm
1232,L911,L,911,bool,alm,1,0,,,,,접촉 검색 종료/mm
1233,L912,L,912,bool,alm,1,0,,,,,검출종료위치/mm
1234,L913,L,913,bool,alm,1,0,,,,,브레이크
1235,L914,L,914,bool,alm,1,0,,,,,Servo_ON
1236,L915,L,915,bool,alm,1,0,,,,,com
1237,L916,L,916,bool,alm,1,0,,,,,L
1238,L917,L,917,bool,alm,1,0,,,,,R
1239,L918,L,918,bool,alm,1,0,,,,,접점 신호
1240,L919,L,919,bool,alm,1,0,,,,,3#상하2
1241,L920,L,920,bool,alm,1,0,,,,,4#상하1
1242,L921,L,921,bool,alm,1,0,,,,,4#상하2
1243,L922,L,922,bool,alm,1,0,,,,,5#검사1
1244,L923,L,923,bool,alm,1,0,,,,,접점 신호 검출 시작 위치/mm
1245,L924,L,924,bool,alm,1,0,,,,,5# 검사2
1246,L925,L,925,bool,alm,1,0,,,,,5# 검사3
1247,L926,L,926,bool,alm,1,0,,,,,5# 검사4
1248,L927,L,927,bool,alm,1,0,,,,,6# 검사1
1249,L928,L,928,bool,alm,1,0,,,,,6# 검사2
1250,L929,L,929,bool,alm,1,0,,,,,6# 검사3
1251,L930,L,930,bool,alm,1,0,,,,,6# 검사4
1252,L931,L,931,bool,alm,1,0,,,,,자동속도/mm
1253,L932,L,932,bool,alm,1,0,,,,,10#NG_Pick up 위치
1254,L933,L,933,bool,alm,1,0,,,,,10#NG_CCD
1255,L934,L,934,bool,alm,1,0,,,,,10#NG_AGING
1256,L935,L,935,bool,alm,1,0,,,,,10#NG_개리력
1257,L936,L,936,bool,alm,1,0,,,,,10#NG_접점 간
1258,L937,L,937,bool,alm,1,0,,,,,10#NG_M압력
1259,L938,L,938,bool,alm,1,0,,,,,10#NG_동기 시간
1260,L939,L,939,bool,alm,1,0,,,,,10#NG_동작 전압
1261,L940,L,940,bool,alm,1,0,,,,,10#NG_복귀 전압
1262,L941,L,941,bool,alm,1,0,,,,,결과
1263,L942,L,942,bool,alm,1,0,,,,,횟수 설정
1264,L943,L,943,bool,alm,1,0,,,,,"NG 반복 
테스트 횟수"
1265,L944,L,944,bool,alm,1,0,,,,,보상 값
1266,L945,L,945,bool,alm,1,0,,,,,결과값
1267,L946,L,946,bool,alm,1,0,,,,,상한
1268,L947,L,947,bool,alm,1,0,,,,,하한
1269,L948,L,948,bool,alm,1,0,,,,,1
1270,L949,L,949,bool,alm,1,0,,,,,2
1271,L950,L,950,bool,alm,1,0,,,,,3
1272,L951,L,951,bool,alm,1,0,,,,,4
1273,L952,L,952,bool,alm,1,0,,,,,LOG 데이타 -OK
1274,L953,L,953,bool,alm,1,0,,,,,Left
1275,L954,L,954,bool,alm,1,0,,,,,Right
1276,L955,L,955,bool,alm,1,0,,,,,Next
1277,L956,L,956,bool,alm,1,0,,,,,Prev
1278,L957,L,957,bool,alm,1,0,,,,,First
1279,L958,L,958,bool,alm,1,0,,,,,Last
1280,L959,L,959,bool,alm,1,0,,,,,Today
1281,L960,L,960,bool,alm,1,0,,,,,SD OFF
1282,L961,L,961,bool,alm,1,0,,,,,SD ON
1283,L962,L,962,bool,alm,1,0,,,,,HMI_Log>>SD
1284,L963,L,963,bool,alm,1,0,,,,,HMI_Log Clear
1285,L964,L,964,bool,alm,1,0,,,,,HMI_Log>>USB
1286,L965,L,965,bool,alm,1,0,,,,,LOG 데이타 -NG
1287,L966,L,966,bool,alm,1,0,,,,,LOG  생산량 데이터
1288,L967,L,967,bool,alm,1,0,,,,,현재 모델
1289,L968,L,968,bool,alm,1,0,,,,,파라미터 번호
1290,L969,L,969,bool,alm,1,0,,,,,정격 전압
1291,L970,L,970,bool,alm,1,0,,,,,접점 유형
1292,L971,L,971,bool,alm,1,0,,,,,접촉저항상한
1293,L972,L,972,bool,alm,1,0,,,,,접촉저항 하한
1294,L973,L,973,bool,alm,1,0,,,,,시작 전압
1295,L974,L,974,bool,alm,1,0,,,,,계단 전압(시작)
1296,L975,L,975,bool,alm,1,0,,,,,계단 전압(시작)
1297,L976,L,976,bool,alm,1,0,,,,,스텝 전압(속도 빠름)
1298,L977,L,977,bool,alm,1,0,,,,,동기 시간
1299,L978,L,978,bool,alm,1,0,,,,,계단 시간 (빠른)
1300,L979,L,979,bool,alm,1,0,,,,,계단전압(완속)
1301,L980,L,980,bool,alm,1,0,,,,,상승  하강 계단 수량
1302,L981,L,981,bool,alm,1,0,,,,,동작 전압 상한
1303,L982,L,982,bool,alm,1,0,,,,,동작 전압 하한
1304,L983,L,983,bool,alm,1,0,,,,,복귀 전압 상한
1305,L984,L,984,bool,alm,1,0,,,,,복귀 전압 하한
1306,L985,L,985,bool,alm,1,0,,,,,동작 시간 상한
1307,L986,L,986,bool,alm,1,0,,,,,동작 시간 하한
1308,L987,L,987,bool,alm,1,0,,,,,동작 리턴 점프 상한
1309,L988,L,988,bool,alm,1,0,,,,,동작 점프 하한
1310,L989,L,989,bool,alm,1,0,,,,,복귀 시간 상한
1311,L990,L,990,bool,alm,1,0,,,,,복귀 시간 하한
1312,L991,L,991,bool,alm,1,0,,,,,복귀 점프 상한
1313,L992,L,992,bool,alm,1,0,,,,,동기 시간 상한
1314,L993,L,993,bool,alm,1,0,,,,,복귀 점프 상한
1315,L994,L,994,bool,alm,1,0,,,,,동기 시간  하한
1316,L995,L,995,bool,alm,1,0,,,,,0# 이온 송풍 전자 밸브 수동 미환원
1317,L996,L,996,bool,alm,1,0,,,,,1#직진 피더 피킹 실린더 수동 미환원
1318,L997,L,997,bool,alm,1,0,,,,,1#직진 피더 다운 실린더 수동 미환원
1319,L998,L,998,bool,alm,1,0,,,,,1#직진 피더 미스 실린더 수동 미환원
1320,L999,L,999,bool,alm,1,0,,,,,
1321,L1010,L,1010,bool,fast,1,0,,,,,메모리 지우기
1322,L1101,L,1101,bool,fast,1,0,,,,,1# 반자동
1323,L1102,L,1102,bool,fast,1,0,,,,,2# 반자동
1324,L1103,L,1103,bool,fast,1,0,,,,,3# 반자동
1325,L1104,L,1104,bool,fast,1,0,,,,,4# 반자동
1326,L1105,L,1105,bool,fast,1,0,,,,,5# 반자동
1327,L1106,L,1106,bool,fast,1,0,,,,,6# 반자동
1328,L1107,L,1107,bool,fast,1,0,,,,,7# 반자동
1329,L1108,L,1108,bool,fast,1,0,,,,,8# 반자동
1330,L1109,L,1109,bool,fast,1,0,,,,,9# 반자동
1331,L1110,L,1110,bool,fast,1,0,,,,,10# 반자동
1332,L1152,L,1152,bool,fast,1,0,,,,,2# 워크스테이션 보호
1333,L1153,L,1153,bool,fast,1,0,,,,,3# 워크스테이션 보호
1334,L1154,L,1154,bool,fast,1,0,,,,,4# 워크스테이션 보호
1335,L1155,L,1155,bool,fast,1,0,,,,,5# 워크스테이션 보호
1336,L1156,L,1156,bool,fast,1,0,,,,,6# 워크스테이션 보호
1337,L1157,L,1157,bool,fast,1,0,,,,,7# 워크스테이션 보호
1338,L1158,L,1158,bool,fast,1,0,,,,,8# 워크스테이션 보호
1339,L1159,L,1159,bool,fast,1,0,,,,,9# 워크스테이션 보호
1340,L1160,L,1160,bool,fast,1,0,,,,,10# 워크스테이션 보호
1341,L1200,L,1200,bool,fast,1,0,,,,,1# 들어오는 재료 보호
1342,L1201,L,1201,bool,fast,1,0,,,,,1# 로딩 제품 유도 차폐
1343,L1202,L,1202,bool,fast,1,0,,,,,3# 압력 곡선 저장 쉴드
1344,L1204,L,1204,bool,fast,1,0,,,,,3/4#CCD 차폐
1345,L1206,L,1206,bool,fast,1,0,,,,,0# 고정물 유도 차폐
1346,L1211,L,1211,bool,fast,1,0,,,,,9# 직접 절단 유도 차폐
1347,L1212,L,1212,bool,fast,1,0,,,,,10# 재료 튜브 유도 차폐
1348,L1224,L,1224,bool,fast,1,0,,,,,3# 포스쉴드 탈퇴
1349,L1250,L,1250,bool,fast,1,0,,,,,저기압 경보 쉴드
1350,L1251,L,1251,bool,fast,1,0,,,,,부저 쉴드
1351,L1252,L,1252,bool,fast,1,0,,,,,재료 부족 부저 차폐
1352,L1253,L,1253,bool,fast,1,0,,,,,ON 자재 부족 셧다운 차폐
1353,L2001,L,2001,bool,alm,1,0,,,,,이상 함
1354,L2002,L,2002,bool,alm,1,0,,,,,원점
1355,L2003,L,2003,bool,alm,1,0,,,,,동작 중
1356,L2004,L,2004,bool,alm,1,0,,,,,공급부족
1357,L2005,L,2005,bool,alm,1,0,,,,,차폐
1358,L2006,L,2006,bool,alm,1,0,,,,,수동
1359,L2007,L,2007,bool,alm,1,0,,,,,파라미터
1360,L2008,L,2008,bool,alm,1,0,,,,,생산상태
1361,L2009,L,2009,bool,alm,1,0,,,,,자동
1362,L2010,L,2010,bool,alm,1,0,,,,,중문
1363,L2011,L,2011,bool,alm,1,0,,,,,한글
1364,L2012,L,2012,bool,alm,1,0,,,,,단일 유닛 리셋
1365,L2013,L,2013,bool,alm,1,0,,,,,3#상하1서보
1366,L2014,L,2014,bool,alm,1,0,,,,,3#상하2서보
1367,L2015,L,2015,bool,alm,1,0,,,,,4#상하1서보
1368,L2016,L,2016,bool,alm,1,0,,,,,4#상하2서보
1369,L2017,L,2017,bool,alm,1,0,,,,,5#검사1서보
1370,L2018,L,2018,bool,alm,1,0,,,,,5#검사2서보
1371,L2019,L,2019,bool,alm,1,0,,,,,5#검사3서보
1372,L2020,L,2020,bool,alm,1,0,,,,,5#검사4서보
1373,L2021,L,2021,bool,alm,1,0,,,,,6#검사1서보
1374,L2022,L,2022,bool,alm,1,0,,,,,6#검사2서보
1375,L2023,L,2023,bool,alm,1,0,,,,,6#검사3서보
1376,L2024,L,2024,bool,alm,1,0,,,,,6#검사4서보
1377,L2025,L,2025,bool,alm,1,0,,,,,10#자재배출서보
1378,L2026,L,2026,bool,alm,1,0,,,,,7# 동작/복귀 전압
1379,L2027,L,2027,bool,alm,1,0,,,,,동작/복귀 전압2
1380,L2028,L,2028,bool,alm,1,0,,,,,LOG ok
1381,L2029,L,2029,bool,alm,1,0,,,,,LOG NG
1382,L2030,L,2030,bool,alm,1,0,,,,,LOG Number
1383,L2031,L,2031,bool,alm,1,0,,,,,구분
1384,L2032,L,2032,bool,alm,1,0,,,,,#1
1385,L2033,L,2033,bool,alm,1,0,,,,,#2
1386,L2034,L,2034,bool,alm,1,0,,,,,#3
1387,L2035,L,2035,bool,alm,1,0,,,,,#4
1388,L2036,L,2036,bool,alm,1,0,,,,,#5
1389,L2037,L,2037,bool,alm,1,0,,,,,#6
1390,L2038,L,2038,bool,alm,1,0,,,,,#7
1391,L2039,L,2039,bool,alm,1,0,,,,,#8
1392,L2040,L,2040,bool,alm,1,0,,,,,#9
1393,L2041,L,2041,bool,alm,1,0,,,,,생산수량
1394,L2042,L,2042,bool,alm,1,0,,,,,총 생산수
1395,L2043,L,2043,bool,alm,1,0,,,,,EA
1396,L2044,L,2044,bool,alm,1,0,,,,,CYCLE TIME
1397,L2045,L,2045,bool,alm,1,0,,,,,SEC
1398,L2046,L,2046,bool,alm,1,0,,,,,알람 화면
1399,L2047,L,2047,bool,alm,1,0,,,,,RESET
1400,L2048,L,2048,bool,alm,1,0,,,,,제시 화면
1401,L2049,L,2049,bool,alm,1,0,,,,,연속 실행
1402,L2050,L,2050,bool,alm,1,0,,,,,단계 실행
1403,L2051,L,2051,bool,alm,1,0,,,,,연속 순환
1404,L2052,L,2052,bool,alm,1,0,,,,,단일 순환
1405,L2053,L,2053,bool,alm,1,0,,,,,자재 정리
1406,L2054,L,2054,bool,alm,1,0,,,,,"자재
정리하는 중"
1407,L2055,L,2055,bool,alm,1,0,,,,,DC12V
1408,L2056,L,2056,bool,alm,1,0,,,,,DC24V
1409,L2057,L,2057,bool,alm,1,0,,,,,자동 화면
1410,L2058,L,2058,bool,alm,1,0,,,,,#10
1411,L2059,L,2059,bool,alm,1,0,,,,,Up
1412,L2060,L,2060,bool,alm,1,0,,,,,Down
1413,L2061,L,2061,bool,alm,1,0,,,,,Cursor
1414,L2062,L,2062,bool,alm,1,0,,,,,Delete
1415,L2063,L,2063,bool,alm,1,0,,,,,Del All
1416,L2064,L,2064,bool,alm,1,0,,,,,Date Search
1417,L2065,L,2065,bool,alm,1,0,,,,,ALARM LIST
1418,L2066,L,2066,bool,alm,1,0,,,,,1# 리셋
1419,L2067,L,2067,bool,alm,1,0,,,,,2# 리셋
1420,L2068,L,2068,bool,alm,1,0,,,,,3# 리셋
1421,L2069,L,2069,bool,alm,1,0,,,,,4# 리셋
1422,L3001,L,3001,bool,alm,1,0,,,,,5# 리셋
1423,L3002,L,3002,bool,alm,1,0,,,,,6# 리셋
1424,L3003,L,3003,bool,alm,1,0,,,,,7# 리셋
1425,L3004,L,3004,bool,alm,1,0,,,,,8# 리셋
1426,L3005,L,3005,bool,alm,1,0,,,,,9# 리셋
1427,L3006,L,3006,bool,alm,1,0,,,,,10# 리셋
1428,L3007,L,3007,bool,alm,1,0,,,,,메모리 지우기
1429,L3008,L,3008,bool,alm,1,0,,,,,
1430,L3009,L,3009,bool,alm,1,0,,,,,
1431,L3010,L,3010,bool,alm,1,0,,,,,
1432,L3011,L,3011,bool,alm,1,0,,,,,
1433,L3012,L,3012,bool,alm,1,0,,,,,
1434,L3013,L,3013,bool,alm,1,0,,,,,
1435,L3014,L,3014,bool,alm,1,0,,,,,
1436,L3015,L,3015,bool,alm,1,0,,,,,
1437,L3016,L,3016,bool,alm,1,0,,,,,
1438,L3017,L,3017,bool,alm,1,0,,,,,
1439,L3018,L,3018,bool,alm,1,0,,,,,
1440,L3019,L,3019,bool,alm,1,0,,,,,
1441,L3020,L,3020,bool,alm,1,0,,,,,
1442,L3021,L,3021,bool,alm,1,0,,,,,X13A
1443,L3022,L,3022,bool,alm,1,0,,,,,X13D
1444,L3023,L,3023,bool,alm,1,0,,,,,X13B
1445,L3024,L,3024,bool,alm,1,0,,,,,X13C
1446,L3025,L,3025,bool,alm,1,0,,,,,X13E
1447,L3026,L,3026,bool,alm,1,0,,,,,X13F
1448,L3027,L,3027,bool,alm,1,0,,,,,
1449,L3028,L,3028,bool,alm,1,0,,,,,
1450,L3029,L,3029,bool,alm,1,0,,,,,
1451,L3030,L,3030,bool,alm,1,0,,,,,
1452,L3031,L,3031,bool,alm,1,0,,,,,
1453,L3032,L,3032,bool,alm,1,0,,,,,
1454,L3033,L,3033,bool,alm,1,0,,,,,
1455,L3034,L,3034,bool,alm,1,0,,,,,
1456,L3035,L,3035,bool,alm,1,0,,,,,
1457,L3036,L,3036,bool,alm,1,0,,,,,
1458,L3037,L,3037,bool,alm,1,0,,,,,
1459,L3038,L,3038,bool,alm,1,0,,,,,
1460,L3039,L,3039,bool,alm,1,0,,,,,
1461,L3040,L,3040,bool,alm,1,0,,,,,
1462,L3041,L,3041,bool,alm,1,0,,,,,
1463,L3042,L,3042,bool,alm,1,0,,,,,
1464,L3043,L,3043,bool,alm,1,0,,,,,X14C
1465,L3044,L,3044,bool,alm,1,0,,,,,X14D
1466,L3045,L,3045,bool,alm,1,0,,,,,X14E
1467,L3046,L,3046,bool,alm,1,0,,,,,
1468,L3047,L,3047,bool,alm,1,0,,,,,
1469,L3048,L,3048,bool,alm,1,0,,,,,
1470,L3049,L,3049,bool,alm,1,0,,,,,
1471,L3050,L,3050,bool,alm,1,0,,,,,X15A
1472,L3051,L,3051,bool,alm,1,0,,,,,X15B
1473,L3052,L,3052,bool,alm,1,0,,,,,X15C
1474,L3053,L,3053,bool,alm,1,0,,,,,X15D
1475,L3054,L,3054,bool,alm,1,0,,,,,알람 buzzer 사용
1476,L3055,L,3055,bool,alm,1,0,,,,,알람 buzzer 차폐
1477,L3056,L,3056,bool,alm,1,0,,,,,자재 부족 buzzer 사용
1478,L3057,L,3057,bool,alm,1,0,,,,,자재 부족 buzzer 차폐
1479,L3058,L,3058,bool,alm,1,0,,,,,자재 부족 정지 사용
1480,L3059,L,3059,bool,alm,1,0,,,,,자재 부족 정지 차폐
1481,L3060,L,3060,bool,alm,1,0,,,,,기압 신호 사용
1482,L3061,L,3061,bool,alm,1,0,,,,,기압 신호 차폐
1483,L3062,L,3062,bool,alm,1,0,,,,,실시간 효율/PCS
1484,L3063,L,3063,bool,alm,1,0,,,,,주기/S
1485,L3064,L,3064,bool,alm,1,0,,,,,Min 효율/PCS
1486,L3065,L,3065,bool,alm,1,0,,,,,총 수량/PCS
1487,L3066,L,3066,bool,alm,1,0,,,,,OK 수량/PCS
1488,L3067,L,3067,bool,alm,1,0,,,,,NG수량/PCS
1489,L3068,L,3068,bool,alm,1,0,,,,,합격률/%
1490,L3069,L,3069,bool,alm,1,0,,,,,불량률/%
1491,L3070,L,3070,bool,alm,1,0,,,,,수동 1
1492,X6E,X,6E,bool,fast,1,0,,,,,0# 고정물 유도 광전
1493,X6F,X,6F,bool,fast,1,0,,,,,1# 광전자 유무에 관계없이 재료 감지 1
1494,X70,X,70,bool,fast,1,0,,,,,1# 광전자 유무에 관계없이 재료 감지 2
1495,X71,X,71,bool,fast,1,0,,,,,1# 광전자 유무에 관계없이 재료 감지 3
1496,X72,X,72,bool,fast,1,0,,,,,1# 광전자 유무에 관계없이 재료 감지 4
1497,X73,X,73,bool,fast,1,0,,,,,9# 직접 진동 방전 전체 섬유
1498,X75,X,75,bool,fast,1,0,,,,,1# 직접 진동 소재 광섬유 1
1499,X76,X,76,bool,fast,1,0,,,,,1# 직접 진동 소재 광섬유 2
1500,X78,X,78,bool,fast,1,0,,,,,2# 제품 1 접점 L 신호
1501,X79,X,79,bool,fast,1,0,,,,,2# 제품 1 접점 R 신호
1502,X7A,X,7A,bool,fast,1,0,,,,,2# 제품 2 접점 L 신호
1503,X7B,X,7B,bool,fast,1,0,,,,,2# 제품 2 접점 R 신호
1504,X7C,X,7C,bool,fast,1,0,,,,,2# 제품 3 접점 L 신호
1505,X7D,X,7D,bool,fast,1,0,,,,,2# 제품 3 접점 R 신호
1506,X7E,X,7E,bool,fast,1,0,,,,,2# 제품 4 접점 L 신호
1507,X7F,X,7F,bool,fast,1,0,,,,,2# 제품 4 접점 R 신호
1508,X82,X,82,bool,fast,1,0,,,,,3# 제품 1 접점 COM 신호
1509,X83,X,83,bool,fast,1,0,,,,,3# 제품 1 접점 L 신호
1510,X84,X,84,bool,fast,1,0,,,,,3# 제품 1 접점 R 신호
1511,X85,X,85,bool,fast,1,0,,,,,3# 제품 2 접점 COM 신호
1512,X86,X,86,bool,fast,1,0,,,,,3# 제품 2 접점 L 신호
1513,X87,X,87,bool,fast,1,0,,,,,3# 제품 2 접점 R 신호
1514,X8C,X,8C,bool,fast,1,0,,,,,5# 제품 1 접점 L 신호
1515,X8D,X,8D,bool,fast,1,0,,,,,5# 제품 2 접점 L 신호
1516,X8E,X,8E,bool,fast,1,0,,,,,5# 제품 3 접점 L 신호
1517,X8F,X,8F,bool,fast,1,0,,,,,5# 제품 4 접점 L 신호
1518,X91,X,91,bool,fast,1,0,,,,,6# 제품 1 접점 R 신호
1519,X92,X,92,bool,fast,1,0,,,,,6# 제품 2 접점 R 신호
1520,X93,X,93,bool,fast,1,0,,,,,6# 제품 3 접점 R 신호
1521,X94,X,94,bool,fast,1,0,,,,,6# 제품 4 접점 R 신호
1522,X9A,X,9A,bool,fast,1,0,,,,,10# 가득 차있는 섬유 광섬유
1523,X9C,X,9C,bool,fast,1,0,,,,,10# 재료 튜브 1 유도
1524,X9D,X,9D,bool,fast,1,0,,,,,10# 재료 튜브 2 유도
1525,X9E,X,9E,bool,fast,1,0,,,,,10# 재료 튜브 3 유도
1526,X9F,X,9F,bool,fast,1,0,,,,,10# 재료 튜브 4 유도
1527,XAA,X,AA,bool,fast,1,0,,,,,2# 프로브 상부 및 하부 실린더 원점
1528,XAB,X,AB,bool,fast,1,0,,,,,2# 프로브 상부 및 하부 실린더 이동 지점
1529,XAC,X,AC,bool,fast,1,0,,,,,2# 상부 및 하부 실린더 원점
1530,XAD,X,AD,bool,fast,1,0,,,,,2# 상부 및 하부 실린더 이동점
1531,XAE,X,AE,bool,fast,1,0,,,,,3# 프로브 상부 및 하부 실린더 원점
1532,XAF,X,AF,bool,fast,1,0,,,,,3# 프로브 상부 및 하부 실린더 이동 지점
1533,XB0,X,B0,bool,fast,1,0,,,,,3# 상부 및 하부 실린더 원점
1534,XB1,X,B1,bool,fast,1,0,,,,,3# 상부 및 하부 실린더 이동점
1535,XB2,X,B2,bool,fast,1,0,,,,,4# 프로브 상부 및 하부 실린더 원점
1536,XB3,X,B3,bool,fast,1,0,,,,,4# 프로브 상부 및 하부 실린더 이동 지점
1537,X134,X,134,bool,fast,1,0,,,,,7#1_알았어
1538,X135,X,135,bool,fast,1,0,,,,,7#1_NG
1539,X13A,X,13A,bool,fast,1,0,,,,,8#3 신호 2
1540,X13B,X,13B,bool,fast,1,0,,,,,8#3시그널 3
1541,X13C,X,13C,bool,fast,1,0,,,,,8#4 신호 2
1542,X13D,X,13D,bool,fast,1,0,,,,,8#4 신호 3
1543,X13E,X,13E,bool,fast,1,0,,,,,4# 제품 2 접점 L 신호
1544,X13F,X,13F,bool,fast,1,0,,,,,4# 제품 2 접점 R 신호
1545,X14C,X,14C,bool,fast,1,0,,,,,9# 직접 진동 전체 섬유 광섬유
1546,X14D,X,14D,bool,fast,1,0,,,,,9# 직접 진동 소재 광섬유 1
1547,X14E,X,14E,bool,fast,1,0,,,,,9# 직접 진동 소재 광섬유 2
1548,X15A,X,15A,bool,fast,1,0,,,,,10# 재료 튜브 5 유도
1549,X15B,X,15B,bool,fast,1,0,,,,,10# 재료 튜브 6 유도
1550,X15C,X,15C,bool,fast,1,0,,,,,10# 재료 튜브 7 유도
1551,X15D,X,15D,bool,fast,1,0,,,,,10# 재료 튜브 8 유도
1552,X17A,X,17A,bool,fast,1,0,,,,,4# 상부 및 하부 실린더 원점
1553,X17B,X,17B,bool,fast,1,0,,,,,4# 상부 및 하부 실린더 이동 지점
1554,X30A,X,30A,bool,fast,1,0,,,,,7#2_알았어
1555,X30B,X,30B,bool,fast,1,0,,,,,7#2_NG
1556,X30C,X,30C,bool,fast,1,0,,,,,7#3_알았어
1557,X30D,X,30D,bool,fast,1,0,,,,,7#3_NG
1558,X30E,X,30E,bool,fast,1,0,,,,,7#4_알았어
1559,X30F,X,30F,bool,fast,1,0,,,,,7#4_NG
1560,Y192,Y,192,bool,fast,1,0,,,,,표시등을 수동으로 선택
1561,Y1C2,Y,1C2,bool,fast,1,0,,,,,2# 제품 1 릴레이 시작
1562,Y1C3,Y,1C3,bool,fast,1,0,,,,,2# 제품 2 시작 릴레이
1563,Y1C4,Y,1C4,bool,fast,1,0,,,,,2# 제품 3 릴레이 시작
1564,Y1C5,Y,1C5,bool,fast,1,0,,,,,2# 제품 4 릴레이 시작
1565,Y1CC,Y,1CC,bool,fast,1,0,,,,,3# 위아래 서보 1 활성화
1566,Y1CD,Y,1CD,bool,fast,1,0,,,,,3# 위아래 서보 2 활성화
1567,Y1CE,Y,1CE,bool,fast,1,0,,,,,4# 위아래 서보 1 활성화
1568,Y1CF,Y,1CF,bool,fast,1,0,,,,,4# 위아래 서보 2 활성화
1569,Y1D0,Y,1D0,bool,fast,1,0,,,,,5#은 1개의 서보 활성화를 감지합니다.
1570,Y1D1,Y,1D1,bool,fast,1,0,,,,,5#은 2개의 서보 활성화를 감지합니다.
1571,Y1D2,Y,1D2,bool,fast,1,0,,,,,5#은 3개의 서보 활성화를 감지합니다.
1572,Y1D3,Y,1D3,bool,fast,1,0,,,,,5#은 4개의 서보 활성화를 감지합니다.
1573,Y1D4,Y,1D4,bool,fast,1,0,,,,,6# 1개의 서보 활성화 감지
1574,Y1D5,Y,1D5,bool,fast,1,0,,,,,6# 감지 2 서보 활성화
1575,Y45C,Y,45C,bool,fast,1,0,,,,,3# 서보 브레이크 릴레이
1576,Y45D,Y,45D,bool,fast,1,0,,,,,4# 서보 브레이크 릴레이
1577,Y45E,Y,45E,bool,fast,1,0,,,,,5# 서보 브레이크 릴레이
1578,Y45F,Y,45F,bool,fast,1,0,,,,,6# 서보 브레이크 릴레이
1579,Y46A,Y,46A,bool,fast,1,0,,,,,6#은 3개의 서보 활성화를 감지합니다.
1580,Y46B,Y,46B,bool,fast,1,0,,,,,6#은 4개의 서보 활성화를 감지합니다.
1581,Y46C,Y,46C,bool,fast,1,0,,,,,10#NG 블랭킹 서보 활성화
